src,dst,volume,path_nodes
16219,15204,1.0,"[16219, 19469, 13474, 10989, 17253, 15204]"
16219,18978,1.0,"[16219, 19469, 13474, 18978]"
16219,18978,270.0,"[16219, 18978]"
16219,15973,1.0,"[16219, 10044, 15973]"
16219,13578,300.0,"[16219, 13578]"
16219,17770,1.0,"[16219, 19469, 13474, 10989, 17253, 17770]"
16219,12627,1.0,"[16219, 10044, 12627]"
16219,14252,1.0,"[16219, 19469, 14252]"
16219,10178,300.0,"[16219, 10178]"
16219,17535,22.0,"[16219, 17535]"
16219,13183,300.0,"[16219, 13183]"
16219,11168,300.0,"[16219, 11168]"
16219,19542,158.0,"[16219, 19542]"
16219,10708,300.0,"[16219, 10708]"
16219,18476,300.0,"[16219, 18476]"
16219,18577,300.0,"[16219, 18577]"
16219,15506,1.0,"[16219, 15506]"
16219,12952,300.0,"[16219, 12952]"
16219,10570,300.0,"[16219, 10570]"
16219,15916,1.0,"[16219, 19469, 15916]"
16219,19311,300.0,"[16219, 19311]"
16219,11117,1.0,"[16219, 19469, 13474, 10989, 17253, 11117]"
16219,19185,1.0,"[16219, 19469, 19185]"
16219,16991,30.0,"[16219, 15506, 16991]"
16219,16991,270.0,"[16219, 16991]"
16219,13523,300.0,"[16219, 18144, 13523]"
16219,18849,1.0,"[16219, 19469, 18849]"
16219,15206,300.0,"[16219, 15206]"
16219,12663,1.0,"[16219, 19469, 12663]"
16219,13431,141.0,"[16219, 13431]"
16219,19539,300.0,"[16219, 19539]"
16219,15401,268.0,"[16219, 15401]"
16219,10659,27.0,"[16219, 10178, 10659]"
16219,10376,1.0,"[16219, 19469, 13474, 10376]"
16219,13101,1.0,"[16219, 19469, 13474, 15401, 13101]"
16219,15028,1.0,"[16219, 19469, 13474, 10989, 17253, 15204, 15028]"
16219,13179,300.0,"[16219, 13179]"
16219,11861,300.0,"[16219, 11861]"
16219,14005,300.0,"[16219, 14005]"
16219,19469,300.0,"[16219, 19469]"
16219,10270,264.0,"[16219, 10270]"
16219,13651,1.0,"[16219, 19469, 13651]"
16219,16133,139.0,"[16219, 16133]"
16219,14376,1.0,"[16219, 19469, 13474, 10989, 17253, 14376]"
16219,15262,1.0,"[16219, 19469, 13474, 10989, 17253, 15204, 15262]"
16219,14444,1.0,"[16219, 14444]"
16219,19956,1.0,"[16219, 19469, 13474, 16133, 19956]"
16219,13503,3.148314942080788e-13,"[16219, 10044, 13503]"
16219,13503,299.99999999999966,"[16219, 13503]"
16219,15747,1.0,"[16219, 19469, 15747]"
16219,10327,7.0,"[16219, 10327]"
16219,10751,101.0,"[16219, 10751]"
16219,15286,300.0,"[16219, 15286]"
16219,16916,300.0,"[16219, 16916]"
16219,14076,300.0,"[16219, 14076]"
16219,19171,1.0,"[16219, 19469, 19171]"
16219,11472,1.0,"[16219, 19469, 13474, 16133, 11472]"
16219,18863,1.0,"[16219, 15506, 18863]"
16219,11214,1.0,"[16219, 19469, 13474, 11214]"
16219,18446,1.0,"[16219, 10044, 12985, 18446]"
16219,18182,300.0,"[16219, 18182]"
16219,14070,195.0,"[16219, 14070]"
16219,10044,300.0,"[16219, 10044]"
16219,17822,1.0,"[16219, 15506, 17822]"
16219,13474,300.0,"[16219, 13474]"
16219,17312,136.0,"[16219, 17312]"
16219,12214,10.0,"[16219, 12214]"
16219,12280,300.0,"[16219, 12280]"
16219,12985,42.0,"[16219, 12985]"
16219,13856,1.0,"[16219, 19469, 13474, 13856]"
16219,16366,1.0,"[16219, 19469, 16366]"
16219,17495,43.0,"[16219, 17495]"
16219,11568,1.0,"[16219, 10178, 11568]"
16219,18144,300.0,"[16219, 18144]"
16219,17784,30.0,"[16219, 14076, 17784]"
16219,17784,270.0,"[16219, 17784]"
16219,19180,0.9999999999999998,"[16219, 14444, 19180]"
16219,19180,2.220446049250313e-16,"[16219, 19180]"
16219,13250,300.0,"[16219, 13250]"
16219,14724,300.0,"[16219, 14724]"
16219,16262,124.0,"[16219, 16262]"
16219,19338,1.0,"[16219, 19469, 13474, 19338]"
16219,13570,30.0,"[16219, 10178, 13570]"
16219,13570,270.0,"[16219, 13570]"
16219,10904,300.0,"[16219, 10904]"
10270,18476,287.0,"[10270, 18476]"
10270,12663,1.0,"[10270, 10044, 19469, 12663]"
10270,13856,97.0,"[10270, 13856]"
10270,13578,300.0,"[10270, 13578]"
10270,19185,1.0,"[10270, 10044, 12985, 10904, 19185]"
10270,18144,1.0,"[10270, 10044, 16219, 18144]"
10270,15028,300.0,"[10270, 15028]"
10270,11568,300.0,"[10270, 11568]"
10270,15206,98.0,"[10270, 15206]"
10270,12952,300.0,"[10270, 12952]"
10270,11168,1.0,"[10270, 10044, 19469, 13474, 16133, 11168]"
10270,10178,159.0,"[10270, 10178]"
10270,13250,300.0,"[10270, 13250]"
10270,10327,300.0,"[10270, 10327]"
10270,10708,43.0,"[10270, 10708]"
10270,14444,1.0,"[10270, 15506, 14444]"
10270,13431,1.0,"[10270, 10044, 19469, 13431]"
10270,10570,7.0,"[10270, 10044, 12985, 10904, 10570]"
10270,10570,90.0,"[10270, 10570]"
10270,10904,300.0,"[10270, 10904]"
10270,14376,1.0,"[10270, 10044, 19469, 13474, 10989, 17253, 14376]"
10270,18849,240.0,"[10270, 18849]"
10270,14076,1.0,"[10270, 10044, 14076]"
10270,19956,1.0,"[10270, 10044, 19469, 13474, 16133, 19956]"
10270,16133,1.0,"[10270, 10044, 19469, 13474, 16133]"
10270,15506,300.0,"[10270, 15506]"
10270,18863,27.0,"[10270, 15506, 18863]"
10270,18863,270.0,"[10270, 18863]"
10270,11861,300.0,"[10270, 11861]"
10270,13651,300.0,"[10270, 13651]"
10270,15973,120.0,"[10270, 10303, 15973]"
10270,15973,180.0,"[10270, 15973]"
10270,19542,1.0,"[10270, 10044, 19542]"
10270,13101,260.0,"[10270, 13101]"
10270,19311,1.0,"[10270, 19311]"
10270,16219,300.0,"[10270, 16219]"
10270,10751,26.0,"[10270, 10751]"
10270,16262,1.0,"[10270, 10044, 19469, 16262]"
10270,16916,300.0,"[10270, 16916]"
10270,13523,16.0,"[10270, 10044, 19542, 13523]"
10270,13523,270.0,"[10270, 13523]"
10270,15401,252.0,"[10270, 15401]"
10270,10376,300.0,"[10270, 10376]"
10270,17770,300.0,"[10270, 17770]"
10270,13183,300.0,"[10270, 13183]"
10270,17535,32.0,"[10270, 17535]"
10270,11472,300.0,"[10270, 11472]"
10270,11214,1.0,"[10270, 10044, 19469, 13474, 11214]"
10270,19539,1.0,"[10270, 10044, 12985, 13179, 19539]"
10270,18577,300.0,"[10270, 18577]"
10270,19171,1.0,"[10270, 10044, 19469, 19171]"
10270,16366,300.0,"[10270, 16366]"
10270,15916,300.0,"[10270, 15916]"
10270,19180,300.0,"[10270, 19180]"
10270,15747,17.0,"[10270, 10044, 12985, 13179, 15747]"
10270,15747,270.0,"[10270, 15747]"
10270,13474,50.0,"[10270, 13474]"
10270,14070,1.0,"[10270, 10044, 19469, 14070]"
10270,11117,1.0,"[10270, 10044, 19469, 13474, 10989, 17253, 11117]"
10270,13503,1.0,"[10270, 10044, 13503]"
10270,13179,8.0,"[10270, 10044, 12985, 13179]"
10270,16991,30.0,"[10270, 15506, 16991]"
10270,16991,270.0,"[10270, 16991]"
10270,15286,1.0,"[10270, 10044, 12985, 10904, 15286]"
10270,17784,1.0,"[10270, 17784]"
10270,14005,300.0,"[10270, 14005]"
10270,10659,30.0,"[10270, 10044, 16219, 10178, 10659]"
10270,10659,270.0,"[10270, 10659]"
10270,12985,300.0,"[10270, 12985]"
10270,18446,1.0,"[10270, 10044, 12985, 18446]"
10270,19469,66.0,"[10270, 19469]"
10270,15204,1.0,"[10270, 10044, 19469, 13474, 10989, 17253, 15204]"
10270,10044,209.0,"[10270, 10044]"
10270,12379,1.0,"[10270, 10044, 19469, 12379]"
10270,17312,1.0,"[10270, 10044, 19469, 17312]"
10270,12214,1.0,"[10270, 10044, 19469, 12214]"
10270,14252,163.0,"[10270, 14252]"
10270,12280,300.0,"[10270, 12280]"
10270,12627,300.0,"[10270, 12627]"
10270,14724,300.0,"[10270, 14724]"
10270,18182,1.0,"[10270, 10044, 19469, 13474, 16133, 18182]"
10270,13570,259.0,"[10270, 13570]"
10270,17495,129.0,"[10270, 17495]"
10270,15262,1.0,"[10270, 10044, 19469, 13474, 10989, 17253, 15204, 15262]"
10270,17822,300.0,"[10270, 17822]"
10270,18978,1.0,"[10270, 10044, 19469, 13474, 18978]"
10270,19338,136.0,"[10270, 19338]"
11461,16133,300.0,"[11461, 16133]"
11461,18863,1.0,"[11461, 15506, 18863]"
11461,10327,300.0,"[11461, 10327]"
11461,11861,300.0,"[11461, 11861]"
11461,13179,163.0,"[11461, 13179]"
11461,15206,1.0,"[11461, 15206]"
11461,13474,229.0,"[11461, 13474]"
11461,10270,1.0,"[11461, 10044, 10270]"
11461,11117,300.0,"[11461, 11117]"
11461,17770,265.0,"[11461, 17770]"
11461,14252,214.0,"[11461, 14252]"
11461,15506,1.0,"[11461, 15506]"
11461,13183,122.0,"[11461, 13183]"
11461,15747,9.0,"[11461, 10044, 12985, 13179, 15747]"
11461,15747,90.0,"[11461, 15747]"
11461,14070,1.0,"[11461, 10044, 19469, 14070]"
11461,10659,1.0,"[11461, 16219, 10178, 10659]"
11461,14076,8.0,"[11461, 14076]"
11461,14444,4.0,"[11461, 16219, 14444]"
11461,14444,270.0,"[11461, 14444]"
11461,11568,1.0,"[11461, 16219, 10178, 11568]"
11461,19311,300.0,"[11461, 19311]"
11461,19338,1.0,"[11461, 10044, 19469, 13474, 19338]"
11461,15401,189.0,"[11461, 15401]"
11461,18144,1.0,"[11461, 16219, 18144]"
11461,13651,1.0,"[11461, 10044, 12985, 10904, 13651]"
11461,10376,270.0,"[11461, 10376]"
11461,10044,1.0,"[11461, 10044]"
11461,10178,1.0,"[11461, 16219, 10178]"
11461,18978,184.0,"[11461, 18978]"
11461,16916,300.0,"[11461, 16916]"
11461,10904,1.0,"[11461, 10044, 12985, 10904]"
11461,18182,1.0,"[11461, 10044, 19469, 13474, 16133, 18182]"
11461,15916,157.0,"[11461, 15916]"
11461,17312,1.0,"[11461, 10044, 19469, 17312]"
11461,11168,1.0,"[11461, 10044, 19469, 13474, 16133, 11168]"
11461,19956,300.0,"[11461, 19956]"
11461,13570,77.0,"[11461, 13570]"
11461,15973,255.0,"[11461, 15973]"
11461,15204,1.0,"[11461, 10044, 19469, 13474, 10989, 17253, 15204]"
11461,16262,152.0,"[11461, 16262]"
11461,14376,33.0,"[11461, 14376]"
11461,14724,1.0,"[11461, 14724]"
11461,12280,300.0,"[11461, 12280]"
11461,11214,300.0,"[11461, 11214]"
11461,18476,100.0,"[11461, 18476]"
11461,12663,1.0,"[11461, 12663]"
11461,12627,300.0,"[11461, 12627]"
11461,18849,1.0,"[11461, 10044, 19469, 18849]"
11461,18446,1.0,"[11461, 10044, 12985, 18446]"
11461,15286,300.0,"[11461, 15286]"
11461,13503,300.0,"[11461, 13503]"
11461,18577,300.0,"[11461, 18577]"
11461,10751,189.0,"[11461, 10751]"
11461,17495,1.0,"[11461, 10044, 19469, 17495]"
11461,17535,255.0,"[11461, 17535]"
11461,15028,268.0,"[11461, 15028]"
11461,15262,73.0,"[11461, 15262]"
11461,13431,1.0,"[11461, 10044, 19469, 13431]"
11461,16366,1.0,"[11461, 10044, 19469, 16366]"
11461,19539,1.0,"[11461, 10044, 12985, 13179, 19539]"
11461,13856,1.0,"[11461, 10044, 19469, 13474, 13856]"
11461,10570,300.0,"[11461, 10570]"
11461,13523,300.0,"[11461, 13523]"
11461,13578,1.0,"[11461, 10044, 19469, 13474, 13578]"
11461,13101,1.0,"[11461, 10044, 19469, 13474, 15401, 13101]"
11461,12214,1.0,"[11461, 10044, 19469, 12214]"
11461,19469,27.0,"[11461, 10044, 19469]"
11461,19469,90.0,"[11461, 19469]"
11461,19185,299.0,"[11461, 19185]"
11461,13250,243.0,"[11461, 13250]"
11461,14005,213.0,"[11461, 14005]"
11461,12952,180.0,"[11461, 12952]"
11461,17784,72.0,"[11461, 17784]"
11461,19542,1.0,"[11461, 10044, 19542]"
11461,10708,1.0,"[11461, 10044, 12985, 10904, 10708]"
11461,11472,293.0,"[11461, 11472]"
10303,14070,122.0,"[10303, 14070]"
10303,13183,300.0,"[10303, 13183]"
10303,13578,1.0,"[10303, 15973, 19469, 13474, 13578]"
10303,14724,1.0,"[10303, 15973, 11461, 14724]"
10303,15286,1.0,"[10303, 15973, 12985, 10904, 15286]"
10303,19956,221.0,"[10303, 19956]"
10303,13503,300.0,"[10303, 13503]"
10303,18577,1.0,"[10303, 15973, 19469, 18577]"
10303,17535,233.0,"[10303, 17535]"
10303,13101,1.0,"[10303, 15973, 19469, 13474, 15401, 13101]"
10303,17784,24.0,"[10303, 15973, 17547, 17784]"
10303,17784,270.0,"[10303, 17784]"
10303,18182,1.0,"[10303, 15973, 19469, 13474, 16133, 18182]"
10303,13179,1.0,"[10303, 15973, 12985, 13179]"
10303,10044,300.0,"[10303, 10044]"
10303,15973,1.0,"[10303, 15973]"
10303,18863,1.0,"[10303, 15973, 11461, 15506, 18863]"
10303,13431,300.0,"[10303, 13431]"
10303,12280,64.0,"[10303, 12280]"
10303,11214,44.0,"[10303, 11214]"
10303,16366,30.0,"[10303, 15973, 19469, 16366]"
10303,16366,270.0,"[10303, 16366]"
10303,19171,1.0,"[10303, 15973, 19469, 19171]"
10303,18144,1.0,"[10303, 15973, 11461, 16219, 18144]"
10303,13570,1.0,"[10303, 15973, 12985, 13570]"
10303,12952,1.0,"[10303, 15973, 19469, 13474, 10989, 17253, 15204, 12952]"
10303,17822,9.0,"[10303, 15973, 17822]"
10303,10708,1.0,"[10303, 15973, 19469, 10708]"
10303,15747,1.0,"[10303, 15973, 19469, 15747]"
10303,13856,1.0,"[10303, 15973, 19469, 13474, 13856]"
10303,15401,1.0,"[10303, 15973, 19469, 13474, 15401]"
10303,16262,261.0,"[10303, 16262]"
10303,15204,74.0,"[10303, 15204]"
10303,12663,4.0,"[10303, 15973, 19469, 12663]"
10303,12663,180.0,"[10303, 12663]"
10303,17495,1.0,"[10303, 15973, 19469, 17495]"
10303,17312,57.0,"[10303, 17312]"
10303,15262,1.0,"[10303, 15973, 19469, 13474, 10989, 17253, 15204, 15262]"
10303,16991,177.0,"[10303, 16991]"
10303,13523,28.0,"[10303, 15973, 19542, 13523]"
10303,13523,180.0,"[10303, 13523]"
10303,13250,28.0,"[10303, 13250]"
10303,11168,300.0,"[10303, 11168]"
10303,10751,300.0,"[10303, 10751]"
10303,10178,1.0,"[10303, 15973, 10178]"
10303,12214,8.0,"[10303, 15973, 19469, 12214]"
10303,15916,1.0,"[10303, 15973, 19469, 15916]"
10303,14444,76.0,"[10303, 14444]"
10303,14376,58.0,"[10303, 14376]"
10303,12627,1.0,"[10303, 15973, 10044, 12627]"
10303,19185,300.0,"[10303, 19185]"
10303,10376,1.0,"[10303, 15973, 19469, 13474, 10376]"
10303,19539,1.0,"[10303, 15973, 19469, 19539]"
10303,11472,253.0,"[10303, 11472]"
10303,19311,300.0,"[10303, 19311]"
10303,18476,300.0,"[10303, 18476]"
10303,18978,1.0,"[10303, 15973, 19469, 13474, 18978]"
10303,13651,1.0,"[10303, 15973, 19469, 13651]"
10303,11861,156.0,"[10303, 11861]"
10303,10570,1.0,"[10303, 15973, 19469, 10570]"
10303,17770,300.0,"[10303, 17770]"
10303,14252,1.0,"[10303, 15973, 19469, 14252]"
10303,10327,1.0,"[10303, 15973, 19469, 13474, 10327]"
10303,10904,1.0,"[10303, 15973, 12985, 10904]"
10303,16133,1.0,"[10303, 15973, 19469, 13474, 16133]"
10303,11568,300.0,"[10303, 11568]"
10303,19469,1.0,"[10303, 15973, 19469]"
10303,15506,1.0,"[10303, 15973, 11461, 15506]"
10303,14076,1.0,"[10303, 15973, 14076]"
10303,19542,1.0,"[10303, 15973, 19542]"
10303,13474,300.0,"[10303, 13474]"
10303,19180,1.0,"[10303, 15973, 10044, 19180]"
10303,10659,28.0,"[10303, 10659]"
10303,14005,51.0,"[10303, 14005]"
10303,10270,225.0,"[10303, 10270]"
10303,15206,1.0,"[10303, 15973, 19469, 15206]"
10303,15028,1.0,"[10303, 15973, 19469, 13474, 10989, 17253, 15204, 15028]"
10303,16916,300.0,"[10303, 16916]"
10303,19338,34.0,"[10303, 19338]"
10303,11117,1.0,"[10303, 15973, 19469, 13474, 10989, 17253, 11117]"
10303,18446,95.0,"[10303, 15973, 18446]"
10303,18446,90.0,"[10303, 18446]"
10303,18849,300.0,"[10303, 18849]"
15973,15262,1.0,"[15973, 19469, 13474, 10989, 17253, 15204, 15262]"
15973,15206,63.0,"[15973, 15206]"
15973,18476,1.0,"[15973, 19469, 18476]"
15973,11568,201.0,"[15973, 11568]"
15973,14070,16.0,"[15973, 14070]"
15973,10659,300.0,"[15973, 10659]"
15973,13183,300.0,"[15973, 13183]"
15973,15204,1.0,"[15973, 19469, 13474, 10989, 17253, 15204]"
15973,19338,1.0,"[15973, 19469, 13474, 19338]"
15973,18144,300.0,"[15973, 18144]"
15973,11168,29.0,"[15973, 11168]"
15973,10904,40.0,"[15973, 10904]"
15973,10570,288.0,"[15973, 10570]"
15973,13101,107.0,"[15973, 13101]"
15973,19171,1.0,"[15973, 19469, 19171]"
15973,19185,1.0,"[15973, 19469, 19185]"
15973,10044,300.0,"[15973, 10044]"
15973,10376,300.0,"[15973, 10376]"
15973,12280,1.0,"[15973, 19469, 12280]"
15973,11472,1.0,"[15973, 19469, 13474, 16133, 11472]"
15973,13856,300.0,"[15973, 13856]"
15973,12952,1.0,"[15973, 19469, 13474, 10989, 17253, 15204, 12952]"
15973,16991,30.0,"[15973, 11461, 15506, 16991]"
15973,16991,270.0,"[15973, 16991]"
15973,17495,1.0,"[15973, 19469, 17495]"
15973,16133,1.0,"[15973, 19469, 13474, 16133]"
15973,14076,295.0,"[15973, 14076]"
15973,18863,1.0,"[15973, 11461, 15506, 18863]"
15973,12985,1.0,"[15973, 12985]"
15973,18978,300.0,"[15973, 18978]"
15973,16219,112.0,"[15973, 11461, 16219]"
15973,16219,180.0,"[15973, 16219]"
15973,10708,243.0,"[15973, 10708]"
15973,16916,300.0,"[15973, 16916]"
15973,14444,1.0,"[15973, 12985, 14444]"
15973,19469,232.0,"[15973, 19469]"
15973,13578,300.0,"[15973, 13578]"
15973,13570,3.320516376481559e-14,"[15973, 12985, 13570]"
15973,13570,299.99999999999994,"[15973, 13570]"
15973,19542,1.0,"[15973, 19542]"
15973,15916,300.0,"[15973, 15916]"
15973,10751,16.0,"[15973, 10751]"
15973,12663,300.0,"[15973, 12663]"
15973,15286,300.0,"[15973, 15286]"
15973,13250,4.0,"[15973, 19469, 13474, 16133, 13250]"
15973,17784,1.0,"[15973, 17547, 17784]"
15973,16262,1.0,"[15973, 19469, 16262]"
15973,12214,300.0,"[15973, 12214]"
15973,13179,1.0,"[15973, 12985, 13179]"
15973,15506,47.0,"[15973, 11461, 15506]"
15973,15506,180.0,"[15973, 15506]"
15973,18849,1.0,"[15973, 19469, 18849]"
15973,19956,1.0,"[15973, 19469, 13474, 16133, 19956]"
15973,19311,155.0,"[15973, 19311]"
15973,14724,57.0,"[15973, 11461, 14724]"
15973,14724,180.0,"[15973, 14724]"
15973,18577,300.0,"[15973, 18577]"
15973,18446,131.0,"[15973, 18446]"
15973,17822,300.0,"[15973, 17822]"
15973,19180,41.0,"[15973, 19180]"
15973,14005,300.0,"[15973, 14005]"
15973,11117,1.0,"[15973, 19469, 13474, 10989, 17253, 11117]"
15973,11861,1.0,"[15973, 19469, 13474, 11861]"
15973,16366,205.0,"[15973, 16366]"
15973,10270,1.0,"[15973, 10044, 10270]"
15973,10178,1.0,"[15973, 10178]"
15973,14252,300.0,"[15973, 14252]"
15973,12627,1.0,"[15973, 10044, 12627]"
15973,13431,1.0,"[15973, 19469, 13431]"
15973,18182,21.0,"[15973, 18182]"
15973,17770,300.0,"[15973, 17770]"
15973,17535,1.0,"[15973, 19469, 17535]"
15973,11214,300.0,"[15973, 11214]"
15973,15872,1.0,"[15973, 11461, 15872]"
15973,10327,201.0,"[15973, 10327]"
15973,13474,145.0,"[15973, 13474]"
15973,13651,1.0,"[15973, 19469, 13651]"
15973,17312,300.0,"[15973, 17312]"
15973,15028,1.0,"[15973, 19469, 13474, 10989, 17253, 15204, 15028]"
15973,13523,5.0,"[15973, 19542, 13523]"
15973,13523,90.0,"[15973, 13523]"
15973,13503,300.0,"[15973, 13503]"
15973,19539,300.0,"[15973, 19539]"
15973,15401,1.0,"[15973, 19469, 13474, 15401]"
15973,14376,300.0,"[15973, 14376]"
15973,15747,1.0,"[15973, 19469, 15747]"
14724,16916,300.0,"[14724, 16916]"
14724,11168,300.0,"[14724, 11168]"
14724,18978,1.0,"[14724, 19469, 13474, 18978]"
14724,19171,1.0,"[14724, 19469, 19171]"
14724,17822,300.0,"[14724, 17822]"
14724,12952,1.0,"[14724, 19469, 13474, 10989, 17253, 15204, 12952]"
14724,15973,300.0,"[14724, 15973]"
14724,13570,163.0,"[14724, 13570]"
14724,15506,130.0,"[14724, 15506]"
14724,18577,45.0,"[14724, 18577]"
14724,18849,270.0,"[14724, 18849]"
14724,12663,1.0,"[14724, 19469, 12663]"
14724,13474,45.0,"[14724, 13474]"
14724,18446,146.0,"[14724, 18446]"
14724,12627,300.0,"[14724, 12627]"
14724,10376,300.0,"[14724, 10376]"
14724,13183,1.0,"[14724, 19469, 13183]"
14724,19311,1.0,"[14724, 19469, 19311]"
14724,16991,30.0,"[14724, 15506, 16991]"
14724,16991,270.0,"[14724, 16991]"
14724,17770,300.0,"[14724, 17770]"
14724,13578,1.0,"[14724, 19469, 13474, 13578]"
14724,13651,184.0,"[14724, 13651]"
14724,13250,1.0,"[14724, 19469, 13474, 16133, 13250]"
14724,18144,1.0,"[14724, 15872, 18144]"
14724,18863,82.0,"[14724, 18863]"
14724,14376,300.0,"[14724, 14376]"
14724,19469,1.0,"[14724, 19469]"
14724,11861,300.0,"[14724, 11861]"
14724,15916,1.0,"[14724, 19469, 15916]"
14724,14252,300.0,"[14724, 14252]"
14724,13523,294.0,"[14724, 13523]"
14724,11117,1.0,"[14724, 19469, 13474, 10989, 17253, 11117]"
14724,19338,2.0,"[14724, 19469, 13474, 19338]"
14724,19338,180.0,"[14724, 19338]"
14724,17312,1.0,"[14724, 19469, 17312]"
14724,19185,1.0,"[14724, 19469, 19185]"
14724,15401,300.0,"[14724, 15401]"
14724,10178,1.0,"[14724, 15506, 16219, 10178]"
14724,16366,1.0,"[14724, 19469, 16366]"
14724,15206,300.0,"[14724, 15206]"
14724,15262,233.0,"[14724, 15262]"
14724,14070,1.0,"[14724, 19469, 14070]"
14724,10570,1.0,"[14724, 19469, 10570]"
14724,11214,1.0,"[14724, 19542, 13523, 11214]"
14724,11472,34.0,"[14724, 11472]"
14724,18476,1.0,"[14724, 19469, 18476]"
14724,10751,1.0,"[14724, 19469, 13474, 16133, 10751]"
14724,14005,300.0,"[14724, 14005]"
14724,10708,1.0,"[14724, 19469, 10708]"
14724,19956,1.0,"[14724, 19469, 13474, 16133, 19956]"
14724,10904,30.0,"[14724, 12627, 12985, 10904]"
14724,10904,270.0,"[14724, 10904]"
14724,16133,243.0,"[14724, 16133]"
14724,17495,1.0,"[14724, 19469, 17495]"
14724,17535,1.0,"[14724, 19469, 17535]"
14724,14444,300.0,"[14724, 14444]"
14724,13856,300.0,"[14724, 13856]"
14724,13431,114.0,"[14724, 13431]"
14724,15286,57.0,"[14724, 15286]"
14724,19542,64.0,"[14724, 19542]"
14724,10270,1.0,"[14724, 10270]"
14724,12280,300.0,"[14724, 12280]"
14724,15747,300.0,"[14724, 15747]"
14724,17784,38.0,"[14724, 17784]"
14724,10659,1.0,"[14724, 15506, 16219, 10178, 10659]"
14724,19180,300.0,"[14724, 19180]"
14724,13101,1.0,"[14724, 19469, 13474, 15401, 13101]"
14724,10327,300.0,"[14724, 10327]"
14724,15204,300.0,"[14724, 15204]"
14724,11568,1.0,"[14724, 19469, 11568]"
14724,18182,300.0,"[14724, 18182]"
14724,13503,1.0,"[14724, 13503]"
14724,10044,1.0,"[14724, 10044]"
14724,15872,1.0,"[14724, 15872]"
14724,16262,1.0,"[14724, 19469, 16262]"
14724,13179,1.0,"[14724, 12627, 12985, 13179]"
14724,19539,300.0,"[14724, 19539]"
14724,14076,1.0,"[14724, 15872, 14076]"
14724,15028,1.0,"[14724, 19469, 13474, 10989, 17253, 15204, 15028]"
10708,11214,1.0,"[10708, 14252, 13474, 11214]"
10708,17535,1.0,"[10708, 17312, 17535]"
10708,13183,1.0,"[10708, 14252, 13474, 13183]"
10708,19311,59.000000000000014,"[10708, 17312, 19311]"
10708,19311,180.0,"[10708, 19311]"
10708,13856,1.0,"[10708, 14252, 13474, 13856]"
10708,17822,1.0,"[10708, 19185, 11267, 13179, 17822]"
10708,19180,246.0,"[10708, 19180]"
10708,14076,1.0,"[10708, 19185, 11267, 13179, 14076]"
10708,12663,300.0,"[10708, 12663]"
10708,16219,16.0,"[10708, 19185, 11267, 13179, 16219]"
10708,16219,180.0,"[10708, 16219]"
10708,14376,18.0,"[10708, 14376]"
10708,16366,1.0,"[10708, 14252, 13474, 10989, 16366]"
10708,19539,25.0,"[10708, 19185, 19539]"
10708,18446,47.0,"[10708, 18446]"
10708,15206,300.0,"[10708, 15206]"
10708,18863,300.0,"[10708, 18863]"
10708,15028,136.0,"[10708, 15028]"
10708,19185,1.0,"[10708, 19185]"
10708,19469,300.0,"[10708, 19469]"
10708,13570,210.0,"[10708, 18446, 13570]"
10708,13570,90.0,"[10708, 13570]"
10708,11168,119.0,"[10708, 11168]"
10708,19956,300.0,"[10708, 19956]"
10708,12214,1.0,"[10708, 15916, 12214]"
10708,10044,1.0,"[10708, 18446, 15973, 10044]"
10708,14005,171.0,"[10708, 14005]"
10708,10751,296.0,"[10708, 10751]"
10708,10270,300.0,"[10708, 10270]"
10708,10327,1.0,"[10708, 14252, 13474, 10327]"
10708,18577,1.0,"[10708, 14252, 18577]"
10708,17495,119.99999999999999,"[10708, 17312, 17495]"
10708,17495,180.0,"[10708, 17495]"
10708,14070,1.0,"[10708, 14252, 14070]"
10708,17784,281.0,"[10708, 17784]"
10708,17312,300.0,"[10708, 17312]"
10708,16133,172.0,"[10708, 16133]"
10708,18144,210.0,"[10708, 17784, 18144]"
10708,18144,90.0,"[10708, 18144]"
10708,13179,1.0,"[10708, 19185, 11267, 13179]"
10708,18849,1.0,"[10708, 14252, 13474, 18849]"
10708,18978,300.0,"[10708, 18978]"
10708,12379,210.0,"[10708, 15916, 16916, 12379]"
10708,12379,90.0,"[10708, 12379]"
10708,13523,1.0,"[10708, 14252, 13474, 13523]"
10708,11861,121.0,"[10708, 11861]"
10708,19338,215.0,"[10708, 19338]"
10708,18476,210.0,"[10708, 14252, 18476]"
10708,18476,90.0,"[10708, 18476]"
10708,13651,1.0,"[10708, 13651]"
10708,10570,1.0,"[10708, 10570]"
10708,15747,210.0,"[10708, 19185, 15747]"
10708,15747,90.0,"[10708, 15747]"
10708,11472,270.0,"[10708, 11472]"
10708,13101,300.0,"[10708, 13101]"
10708,10904,1.0,"[10708, 19185, 11267, 10904]"
10708,16916,1.0,"[10708, 15916, 16916]"
10708,15286,300.0,"[10708, 15286]"
10708,13250,1.0,"[10708, 14252, 13474, 16133, 13250]"
10708,10178,267.0,"[10708, 10178]"
10708,12627,300.0,"[10708, 12627]"
10708,15506,30.0,"[10708, 17784, 15506]"
10708,15506,270.0,"[10708, 15506]"
10708,15401,300.0,"[10708, 15401]"
10708,15204,9.0,"[10708, 14252, 13474, 10989, 17253, 15204]"
10708,15204,90.0,"[10708, 15204]"
10708,16991,300.0,"[10708, 16991]"
10708,12985,137.0,"[10708, 12985]"
10708,13578,1.0,"[10708, 14252, 13474, 13578]"
10708,11568,19.0,"[10708, 19185, 11267, 13179, 11568]"
10708,15973,45.00000000000018,"[10708, 18446, 15973]"
10708,15973,89.99999999999983,"[10708, 15973]"
10708,17770,1.0,"[10708, 14252, 13474, 10989, 17253, 17770]"
10708,10659,300.0,"[10708, 10659]"
10708,11117,1.0,"[10708, 14252, 13474, 10989, 17253, 11117]"
10708,10376,260.0,"[10708, 10376]"
10708,15262,300.0,"[10708, 15262]"
10708,14724,30.0,"[10708, 17784, 14724]"
10708,14724,270.0,"[10708, 14724]"
10708,13503,208.0,"[10708, 13503]"
10708,12952,4.0,"[10708, 14252, 13474, 10989, 17253, 15204, 12952]"
10708,12952,90.0,"[10708, 12952]"
10708,15916,18.0,"[10708, 15916]"
10708,16262,300.0,"[10708, 16262]"
10708,18182,300.0,"[10708, 18182]"
10708,19542,1.0,"[10708, 17784, 19542]"
10708,13474,30.0,"[10708, 14252, 13474]"
10708,13474,270.0,"[10708, 13474]"
10708,14252,300.0,"[10708, 14252]"
10708,12280,1.0,"[10708, 14252, 13474, 12280]"
10708,13431,34.0,"[10708, 17312, 13431]"
13503,18144,1.0,"[13503, 12627, 18144]"
13503,13431,1.0,"[13503, 19921, 17547, 19469, 13431]"
13503,11168,185.0,"[13503, 11168]"
13503,19469,30.0,"[13503, 19921, 17547, 19469]"
13503,19469,270.0,"[13503, 19469]"
13503,13101,108.0,"[13503, 13101]"
13503,18849,1.0,"[13503, 19921, 17547, 19469, 18849]"
13503,10178,30.0,"[13503, 11461, 16219, 10178]"
13503,10178,270.0,"[13503, 10178]"
13503,10376,300.0,"[13503, 10376]"
13503,14724,300.0,"[13503, 14724]"
13503,14252,33.0,"[13503, 14252]"
13503,18446,300.0,"[13503, 18446]"
13503,15262,90.0,"[13503, 15262]"
13503,18182,300.0,"[13503, 18182]"
13503,17770,300.0,"[13503, 17770]"
13503,13523,63.0,"[13503, 13523]"
13503,12214,174.0,"[13503, 12214]"
13503,19338,1.0,"[13503, 19921, 17547, 19469, 13474, 19338]"
13503,18978,110.0,"[13503, 18978]"
13503,10570,283.0,"[13503, 10570]"
13503,13578,1.0,"[13503, 19921, 17547, 19469, 13474, 13578]"
13503,13856,270.0,"[13503, 13856]"
13503,10708,217.0,"[13503, 10708]"
13503,18577,1.0,"[13503, 19921, 17547, 19469, 18577]"
13503,16219,1.0,"[13503, 11461, 16219]"
13503,11861,300.0,"[13503, 11861]"
13503,19180,247.0,"[13503, 19180]"
13503,17822,300.0,"[13503, 17822]"
13503,17535,300.0,"[13503, 17535]"
13503,15747,259.0,"[13503, 15747]"
13503,17784,30.0,"[13503, 12627, 17784]"
13503,17784,270.0,"[13503, 17784]"
13503,18476,1.0,"[13503, 19921, 17547, 19469, 18476]"
13503,13570,300.0000000000002,"[13503, 13570]"
13503,10904,300.0,"[13503, 10904]"
13503,10659,13.0,"[13503, 11461, 16219, 10178, 10659]"
13503,10659,270.0,"[13503, 10659]"
13503,15204,1.0,"[13503, 19921, 17547, 19469, 13474, 10989, 17253, 15204]"
13503,15286,102.0,"[13503, 15286]"
13503,10751,1.0,"[13503, 19921, 17547, 19469, 13474, 16133, 10751]"
13503,13179,1.0,"[13503, 14005, 12985, 13179]"
13503,14070,1.0,"[13503, 19921, 17547, 19469, 14070]"
13503,12985,44.0,"[13503, 14005, 12985]"
13503,16991,1.0,"[13503, 12627, 15506, 16991]"
13503,15028,173.0,"[13503, 15028]"
13503,11568,1.0,"[13503, 19921, 17547, 19469, 11568]"
13503,16366,300.0,"[13503, 16366]"
13503,15206,1.0,"[13503, 19921, 17547, 19469, 15206]"
13503,13651,300.0,"[13503, 13651]"
13503,14376,205.0,"[13503, 14376]"
13503,19171,1.0,"[13503, 19921, 17547, 19469, 19171]"
13503,19185,300.0,"[13503, 19185]"
13503,12952,14.0,"[13503, 12952]"
13503,19542,6.0,"[13503, 12627, 19542]"
13503,19542,270.0,"[13503, 19542]"
13503,16262,300.0,"[13503, 16262]"
13503,15916,1.0,"[13503, 19921, 17547, 19469, 15916]"
13503,10327,98.0,"[13503, 10327]"
13503,11472,300.0,"[13503, 11472]"
13503,19539,29.0,"[13503, 19539]"
13503,12280,156.0,"[13503, 12280]"
13503,16133,225.0,"[13503, 16133]"
13503,14076,1.0,"[13503, 14005, 14076]"
13503,18863,59.0,"[13503, 18863]"
13503,19956,300.0,"[13503, 19956]"
13503,19311,169.0,"[13503, 19311]"
13503,13183,1.0,"[13503, 19921, 17547, 19469, 13183]"
13503,15506,300.0,"[13503, 15506]"
13503,15973,300.0,"[13503, 15973]"
13503,10270,300.0,"[13503, 10270]"
13503,15401,300.0,"[13503, 15401]"
13503,11117,300.0,"[13503, 11117]"
13503,14005,1.0,"[13503, 14005]"
13503,12627,1.0,"[13503, 12627]"
13503,10044,1.0,"[13503, 10044]"
13503,17495,1.0,"[13503, 19921, 17547, 19469, 17495]"
13503,11214,1.0,"[13503, 19921, 17547, 19469, 13474, 11214]"
13503,14444,1.0,"[13503, 14724, 14444]"
13503,16916,203.0,"[13503, 16916]"
13503,12663,23.0,"[13503, 12663]"
13503,13474,60.0,"[13503, 13474]"
13503,17312,1.0,"[13503, 19921, 17547, 19469, 17312]"
13503,13250,56.0,"[13503, 13250]"
19311,19171,1.0,"[19311, 18476, 19171]"
19311,11568,1.0,"[19311, 10904, 11568]"
19311,14724,1.0,"[19311, 10904, 14724]"
19311,17822,300.0,"[19311, 17822]"
19311,19542,300.0,"[19311, 19542]"
19311,19185,300.0,"[19311, 19185]"
19311,13570,76.0,"[19311, 13570]"
19311,11117,227.0,"[19311, 11117]"
19311,12280,1.0,"[19311, 14070, 13474, 12280]"
19311,11472,1.0,"[19311, 18476, 16133, 11472]"
19311,11861,30.0,"[19311, 18476, 11861]"
19311,11861,270.0,"[19311, 11861]"
19311,14076,224.0,"[19311, 14076]"
19311,16991,30.0,"[19311, 10904, 16991]"
19311,16991,270.0,"[19311, 16991]"
19311,18446,300.0,"[19311, 18446]"
19311,18577,1.0,"[19311, 14070, 18577]"
19311,15028,30.0,"[19311, 18476, 10989, 17253, 15204, 15028]"
19311,15028,270.0,"[19311, 15028]"
19311,10327,215.0,"[19311, 10327]"
19311,11168,1.0,"[19311, 18476, 16133, 11168]"
19311,12952,1.0,"[19311, 18476, 10989, 17253, 15204, 12952]"
19311,14252,300.0,"[19311, 14252]"
19311,17495,1.0,"[19311, 17495]"
19311,12663,300.0,"[19311, 12663]"
19311,10708,273.0,"[19311, 10708]"
19311,18863,30.0,"[19311, 10904, 18863]"
19311,18863,270.0,"[19311, 18863]"
19311,19539,168.0,"[19311, 19539]"
19311,13179,57.0,"[19311, 13179]"
19311,14376,1.0,"[19311, 18476, 10989, 17253, 14376]"
19311,14376,270.0,"[19311, 14376]"
19311,18144,1.0,"[19311, 18476, 18144]"
19311,18978,17.0,"[19311, 18476, 10989, 18978]"
19311,18978,270.0,"[19311, 18978]"
19311,10178,223.0,"[19311, 10178]"
19311,13503,13.0,"[19311, 18476, 13503]"
19311,14444,300.0,"[19311, 14444]"
19311,19180,6.0,"[19311, 18476, 19180]"
19311,19180,90.0,"[19311, 19180]"
19311,12627,1.0,"[19311, 18476, 12627]"
19311,19956,130.0,"[19311, 19956]"
19311,17770,30.0,"[19311, 18476, 10989, 17253, 17770]"
19311,17770,270.0,"[19311, 17770]"
19311,13523,300.0,"[19311, 13523]"
19311,15286,1.0,"[19311, 10904, 15286]"
19311,15401,30.0,"[19311, 18476, 15401]"
19311,15401,270.0,"[19311, 15401]"
19311,15747,300.0,"[19311, 15747]"
19311,19338,1.0,"[19311, 18476, 10989, 19338]"
19311,18182,1.0,"[19311, 18476, 16133, 18182]"
19311,17535,1.0,"[19311, 17535]"
19311,15206,300.0,"[19311, 15206]"
19311,13474,15.0,"[19311, 14070, 13474]"
19311,13474,180.0,"[19311, 13474]"
19311,15506,300.0,"[19311, 15506]"
19311,16366,30.0,"[19311, 18476, 16366]"
19311,16366,270.0,"[19311, 16366]"
19311,12214,300.0,"[19311, 12214]"
19311,16916,1.0,"[19311, 18476, 16916]"
19311,10044,1.0,"[19311, 13179, 10044]"
19311,17312,1.0,"[19311, 17312]"
19311,13183,40.0,"[19311, 14070, 16262, 13183]"
19311,13183,180.0,"[19311, 13183]"
19311,15973,122.0,"[19311, 15973]"
19311,12985,1.0,"[19311, 10904, 19469, 12985]"
19311,18849,1.0,"[19311, 14070, 13474, 18849]"
19311,10376,156.0,"[19311, 10376]"
19311,13651,1.0,"[19311, 19185, 13651]"
19311,16133,33.0,"[19311, 18476, 16133]"
19311,16133,90.0,"[19311, 16133]"
19311,13431,1.0,"[19311, 13431]"
19311,16219,300.0,"[19311, 16219]"
19311,15262,1.0,"[19311, 18476, 10989, 17253, 15204, 15262]"
19311,10270,300.0,"[19311, 10270]"
19311,10570,21.0,"[19311, 19185, 10570]"
19311,10570,180.0,"[19311, 10570]"
19311,10904,1.0,"[19311, 10904]"
19311,15204,72.0,"[19311, 15204]"
19311,10751,1.0,"[19311, 18476, 16133, 10751]"
19311,16262,30.0,"[19311, 14070, 16262]"
19311,16262,270.0,"[19311, 16262]"
19311,13250,1.0,"[19311, 18476, 16133, 13250]"
19311,11214,9.0,"[19311, 18476, 11214]"
19311,11214,90.0,"[19311, 11214]"
19311,19469,1.0,"[19311, 10904, 19469]"
19311,10659,1.0,"[19311, 10904, 10659]"
19311,18476,1.0,"[19311, 18476]"
19311,13101,13.0,"[19311, 18476, 15401, 13101]"
19311,13101,90.0,"[19311, 13101]"
19311,15916,1.0,"[19311, 10708, 15916]"
19311,14005,61.0,"[19311, 14005]"
19311,13856,1.0,"[19311, 18476, 10989, 13856]"
19311,13578,231.0,"[19311, 13578]"
19311,14070,121.0,"[19311, 14070]"
19311,17784,131.0,"[19311, 17784]"
10570,17770,1.0,"[10570, 13651, 11267, 10904, 13474, 10989, 17253, 17770]"
10570,12280,1.0,"[10570, 13651, 11267, 13179, 12280]"
10570,19311,300.0,"[10570, 19311]"
10570,10376,300.0,"[10570, 10376]"
10570,13651,1.0,"[10570, 13651]"
10570,11117,300.0,"[10570, 11117]"
10570,15206,1.0,"[10570, 15206]"
10570,19469,300.0,"[10570, 19469]"
10570,13578,1.0,"[10570, 13651, 11267, 10904, 13474, 13578]"
10570,12627,6.0,"[10570, 17547, 12627]"
10570,12627,90.0,"[10570, 12627]"
10570,18446,1.0,"[10570, 13651, 10708, 18446]"
10570,19338,1.0,"[10570, 13651, 11267, 10904, 13474, 19338]"
10570,19171,268.0,"[10570, 19171]"
10570,14444,128.0,"[10570, 14444]"
10570,10178,1.0,"[10570, 13651, 11267, 13179, 10178]"
10570,10178,180.0,"[10570, 10178]"
10570,11861,300.0,"[10570, 11861]"
10570,15262,4.0,"[10570, 13651, 11267, 10904, 13474, 10989, 17253, 15204, 15262]"
10570,15262,90.0,"[10570, 15262]"
10570,10751,300.0,"[10570, 10751]"
10570,15401,1.0,"[10570, 13651, 11267, 10904, 13474, 15401]"
10570,12663,184.0,"[10570, 12663]"
10570,18978,1.0,"[10570, 13651, 11267, 10904, 13474, 18978]"
10570,14252,11.0,"[10570, 13651, 10708, 14252]"
10570,14252,270.0,"[10570, 14252]"
10570,14005,30.0,"[10570, 17547, 14005]"
10570,14005,270.0,"[10570, 14005]"
10570,10270,1.0,"[10570, 17547, 10270]"
10570,13101,1.0,"[10570, 13651, 11267, 10904, 13474, 15401, 13101]"
10570,15506,8.0,"[10570, 17547, 15506]"
10570,17784,221.0,"[10570, 17784]"
10570,15028,14.0,"[10570, 13651, 11267, 10904, 13474, 10989, 17253, 15204, 15028]"
10570,15028,90.0,"[10570, 15028]"
10570,12952,1.0,"[10570, 13651, 11267, 10904, 13474, 10989, 17253, 15204, 12952]"
10570,15747,18.0,"[10570, 13651, 15747]"
10570,16991,1.0,"[10570, 13651, 11267, 13179, 16991]"
10570,18849,300.0,"[10570, 18849]"
10570,11568,30.0,"[10570, 13651, 11267, 13179, 11568]"
10570,11568,270.0,"[10570, 11568]"
10570,15973,1.0,"[10570, 15973]"
10570,15204,11.0,"[10570, 13651, 11267, 10904, 13474, 10989, 17253, 15204]"
10570,15204,180.0,"[10570, 15204]"
10570,18577,30.0,"[10570, 13651, 10708, 14252, 18577]"
10570,18577,270.0,"[10570, 18577]"
10570,13431,300.0,"[10570, 13431]"
10570,14724,73.99999999999977,"[10570, 17547, 14724]"
10570,14724,2.2737367544323206e-13,"[10570, 14724]"
10570,16916,43.00000000000008,"[10570, 13651, 10708, 15916, 16916]"
10570,10904,72.0,"[10570, 10904]"
10570,11214,1.0,"[10570, 13651, 11267, 10904, 13474, 11214]"
10570,12985,1.0,"[10570, 15973, 12985]"
10570,16133,149.0,"[10570, 16133]"
10570,14076,5.0,"[10570, 17547, 14076]"
10570,14076,90.0,"[10570, 14076]"
10570,14376,1.0,"[10570, 13651, 11267, 10904, 13474, 10989, 17253, 14376]"
10570,13250,1.0,"[10570, 13651, 11267, 10904, 13474, 16133, 13250]"
10570,17495,1.0,"[10570, 17495]"
10570,13570,9.0,"[10570, 13651, 11267, 10904, 13570]"
10570,13570,180.0,"[10570, 13570]"
10570,13474,300.0,"[10570, 13474]"
10570,19542,1.0,"[10570, 13651, 11267, 10904, 19469, 19542]"
10570,17535,300.0,"[10570, 17535]"
10570,14070,300.0,"[10570, 14070]"
10570,16262,13.0,"[10570, 13651, 11267, 10904, 16262]"
10570,13523,1.0,"[10570, 13651, 11267, 10904, 13523]"
10570,17312,234.0,"[10570, 17312]"
10570,11168,1.0,"[10570, 13651, 11267, 10904, 13474, 16133, 11168]"
10570,18476,123.0,"[10570, 18476]"
10570,18182,300.0,"[10570, 18182]"
10570,13179,30.0,"[10570, 13651, 11267, 13179]"
10570,13179,270.0,"[10570, 13179]"
10570,13503,30.0,"[10570, 19921, 13503]"
10570,13503,270.0,"[10570, 13503]"
10570,19956,224.0,"[10570, 19956]"
10570,19539,1.0,"[10570, 13651, 19539]"
10570,10044,2.4158453015843406e-13,"[10570, 17547, 10044]"
10570,10044,255.99999999999977,"[10570, 10044]"
10570,16219,5.0,"[10570, 13651, 11267, 13179, 16219]"
10570,16219,270.0,"[10570, 16219]"
10570,19180,14.0,"[10570, 13651, 11267, 13179, 19180]"
10570,19180,90.0,"[10570, 19180]"
10570,17822,21.0,"[10570, 13651, 11267, 13179, 17822]"
10570,17822,180.0,"[10570, 17822]"
10570,15286,57.0,"[10570, 15286]"
10570,11472,1.0,"[10570, 13651, 11267, 10904, 13474, 16133, 11472]"
10570,13183,300.0,"[10570, 13183]"
10570,13856,1.0,"[10570, 13651, 11267, 10904, 13474, 13856]"
10570,10659,4.0,"[10570, 13651, 11267, 13179, 10659]"
10570,10659,180.0,"[10570, 10659]"
10570,19185,300.0,"[10570, 19185]"
10570,16366,1.0,"[10570, 13651, 11267, 10904, 19469, 16366]"
10570,15916,1.0,"[10570, 13651, 10708, 15916]"
10570,10708,1.0,"[10570, 13651, 10708]"
10570,10327,146.0,"[10570, 10327]"
10570,18144,113.0,"[10570, 18144]"
10570,18863,300.0,"[10570, 18863]"
10570,12214,300.00000000000006,"[10570, 12214]"
13578,15872,67.0,"[13578, 15872]"
13578,12985,90.0,"[13578, 12985]"
13578,18182,1.0,"[13578, 18182]"
13578,10376,1.0,"[13578, 10376]"
13578,11168,300.0,"[13578, 11168]"
13578,15973,2.0,"[13578, 16133, 15973]"
13578,15973,90.0,"[13578, 15973]"
13578,17770,300.0,"[13578, 17770]"
13578,19338,1.0,"[13578, 19338]"
13578,13856,156.0,"[13578, 13856]"
13578,11267,1.0,"[13578, 16133, 13179, 11267]"
13578,16133,1.0,"[13578, 16133]"
13578,15401,101.0,"[13578, 15401]"
13578,16053,300.0,"[13578, 16053]"
13578,11214,1.0,"[13578, 11214]"
10044,17312,28.0,"[10044, 17312]"
10044,11168,300.0,"[10044, 11168]"
10044,12952,1.0,"[10044, 19469, 13474, 10989, 17253, 15204, 12952]"
10044,13183,300.0,"[10044, 13183]"
10044,13856,1.0,"[10044, 19469, 13474, 13856]"
10044,13503,1.0,"[10044, 13503]"
10044,17495,1.0,"[10044, 19469, 17495]"
10044,16916,300.0,"[10044, 16916]"
10044,19171,4.0,"[10044, 19171]"
10044,11117,1.0,"[10044, 19469, 13474, 10989, 17253, 11117]"
10044,10659,74.0,"[10044, 16219, 10178, 10659]"
10044,14070,8.0,"[10044, 14070]"
10044,18863,30.0,"[10044, 15506, 18863]"
10044,18863,270.0,"[10044, 18863]"
10044,17770,1.0,"[10044, 19469, 13474, 10989, 17253, 17770]"
10044,13474,300.0,"[10044, 13474]"
10044,13101,1.0,"[10044, 19469, 13474, 15401, 13101]"
10044,15262,1.0,"[10044, 19469, 13474, 10989, 17253, 15204, 15262]"
10044,18476,1.0,"[10044, 19469, 18476]"
10044,19338,1.0,"[10044, 19469, 13474, 19338]"
10044,13570,30.0,"[10044, 16219, 10178, 13570]"
10044,13570,270.0,"[10044, 13570]"
10044,13431,9.0,"[10044, 13431]"
10044,12627,76.0,"[10044, 12627]"
10044,16133,113.0,"[10044, 16133]"
10044,14076,1.0,"[10044, 14076]"
10044,18446,1.0,"[10044, 12985, 18446]"
10044,12663,148.0,"[10044, 12663]"
10044,14005,262.0,"[10044, 14005]"
10044,18849,1.0,"[10044, 19469, 18849]"
10044,15204,300.0,"[10044, 15204]"
10044,10327,1.0,"[10044, 19469, 13474, 10327]"
10044,18182,235.0,"[10044, 18182]"
10044,15286,300.0,"[10044, 15286]"
10044,16366,72.0,"[10044, 16366]"
10044,17535,1.0,"[10044, 19469, 17535]"
10044,15206,1.0,"[10044, 19469, 15206]"
10044,12280,1.0,"[10044, 19469, 12280]"
10044,14252,1.0,"[10044, 19469, 14252]"
10044,10270,1.0,"[10044, 10270]"
10044,13578,300.0,"[10044, 13578]"
10044,15506,300.0,"[10044, 15506]"
10044,13523,32.0,"[10044, 19542, 13523]"
10044,19956,1.0,"[10044, 19469, 13474, 16133, 19956]"
10044,18577,41.0,"[10044, 18577]"
10044,15916,300.0,"[10044, 15916]"
10044,14444,300.0,"[10044, 14444]"
10044,15747,1.0,"[10044, 12985, 13179, 15747]"
10044,11861,300.0,"[10044, 11861]"
10044,10178,300.0,"[10044, 10178]"
10044,10570,300.0,"[10044, 10570]"
10044,13250,1.0,"[10044, 19469, 13474, 16133, 13250]"
10044,19539,229.0,"[10044, 19539]"
10044,11214,300.0,"[10044, 11214]"
10044,19469,1.0,"[10044, 19469]"
10044,13179,300.0,"[10044, 13179]"
10044,10751,1.0,"[10044, 19469, 13474, 16133, 10751]"
10044,18978,214.0,"[10044, 18978]"
10044,13651,1.0,"[10044, 12985, 10904, 13651]"
10044,17784,42.0,"[10044, 17784]"
10044,15401,1.0,"[10044, 19469, 13474, 15401]"
10044,16262,300.0,"[10044, 16262]"
10044,14376,300.0,"[10044, 14376]"
10044,11568,158.0,"[10044, 11568]"
10044,19311,1.0,"[10044, 19469, 19311]"
10044,15973,1.0,"[10044, 15973]"
10044,11472,1.0,"[10044, 19469, 13474, 16133, 11472]"
10044,10708,300.0,"[10044, 10708]"
10044,10376,300.0,"[10044, 10376]"
10044,16219,124.0,"[10044, 16219]"
10044,19185,300.0,"[10044, 19185]"
10044,15028,1.0,"[10044, 19469, 13474, 10989, 17253, 15204, 15028]"
10044,19180,1.0,"[10044, 19180]"
10044,17822,300.0,"[10044, 17822]"
10044,10904,21.0,"[10044, 10904]"
10044,16991,1.0,"[10044, 15506, 16991]"
10044,14724,1.0,"[10044, 14724]"
10044,12985,112.0,"[10044, 12985]"
10044,12214,120.0,"[10044, 12214]"
10044,19542,1.0,"[10044, 19542]"
10044,18144,1.0,"[10044, 16219, 18144]"
15401,14376,1.0,"[15401, 19371, 13578, 10989, 17253, 14376]"
15401,18182,154.9999999999566,"[15401, 19371, 13578, 18182]"
15401,18182,4.339995030022692e-11,"[15401, 18182]"
15401,16133,1.0,"[15401, 19371, 13578, 16133]"
15401,12952,12.000000000143471,"[15401, 19371, 13578, 10989, 17253, 15204, 12952]"
15401,12952,269.9999999998565,"[15401, 12952]"
15401,11472,49.0,"[15401, 11472]"
15401,15028,1.0,"[15401, 19371, 13578, 10989, 17253, 15204, 15028]"
15401,18978,1.0,"[15401, 18978]"
15401,17039,1.0,"[15401, 19371, 13578, 10989, 17039]"
15401,11168,23.0,"[15401, 19371, 13578, 11168]"
15401,11168,180.0,"[15401, 11168]"
15401,11861,1.0,"[15401, 11861]"
15401,15204,1.0,"[15401, 19371, 13578, 10989, 17253, 15204]"
15401,11214,1.0,"[15401, 11214]"
15401,19338,1.0,"[15401, 19338]"
15401,19956,1.0,"[15401, 19371, 13578, 16133, 19956]"
15401,13578,30.0000000000434,"[15401, 19371, 13578]"
15401,13578,269.9999999999566,"[15401, 13578]"
15401,15262,19.0,"[15401, 19371, 13578, 18182, 15262]"
15401,17770,1.0,"[15401, 19371, 13578, 10989, 17253, 17770]"
15401,13856,1.0,"[15401, 19371, 13578, 13856]"
15401,10751,6.999999999999968,"[15401, 19371, 13578, 10751]"
15401,10751,90.00000000000003,"[15401, 10751]"
15401,16053,1.0,"[15401, 19371, 13578, 16053]"
15401,13101,1.0,"[15401, 13101]"
15401,16366,1.0,"[15401, 19371, 13578, 10989, 16366]"
15401,13250,1.0,"[15401, 19371, 13578, 16133, 13250]"
15401,10376,15.0,"[15401, 13101, 10376]"
15401,10376,90.0,"[15401, 10376]"
15401,11117,1.0,"[15401, 19371, 13578, 10989, 17253, 11117]"
15401,19371,1.0,"[15401, 19371]"
18863,18446,1.0,"[18863, 16991, 12985, 18446]"
18863,10659,261.0,"[18863, 10659]"
18863,15262,39.0,"[18863, 15262]"
18863,13651,1.0,"[18863, 16991, 12985, 10904, 13651]"
18863,13503,1.0,"[18863, 16991, 14724, 13503]"
18863,10376,300.0,"[18863, 10376]"
18863,14252,1.0,"[18863, 16991, 19469, 14252]"
18863,13523,76.0,"[18863, 16991, 13523]"
18863,13523,90.0,"[18863, 13523]"
18863,11117,300.0,"[18863, 11117]"
18863,13578,300.0,"[18863, 13578]"
18863,17312,1.0,"[18863, 16991, 12985, 10904, 17312]"
18863,14005,1.0,"[18863, 16991, 14724, 14005]"
18863,19180,5.0,"[18863, 14444, 19180]"
18863,19180,90.0,"[18863, 19180]"
18863,17770,300.0,"[18863, 17770]"
18863,16262,95.0,"[18863, 16262]"
18863,19185,148.0,"[18863, 19185]"
18863,19956,300.0,"[18863, 19956]"
18863,15401,199.0,"[18863, 15401]"
18863,15973,80.0,"[18863, 15973]"
18863,13474,1.0,"[18863, 16991, 19469, 13474]"
18863,14724,1.0,"[18863, 16991, 14724]"
18863,19542,4.882055293364829e-08,"[18863, 14444, 19180, 19542]"
18863,19542,299.99999995117946,"[18863, 19542]"
18863,15028,1.0,"[18863, 16991, 19469, 13474, 10989, 17253, 15204, 15028]"
18863,12627,1.0,"[18863, 16991, 14724, 12627]"
18863,11568,90.0,"[18863, 11568]"
18863,11861,300.0,"[18863, 11861]"
18863,17822,30.0,"[18863, 16991, 17822]"
18863,17822,270.0,"[18863, 17822]"
18863,18476,1.0,"[18863, 16991, 19469, 18476]"
18863,14076,1.0,"[18863, 16991, 14076]"
18863,15206,1.0,"[18863, 16991, 19469, 15206]"
18863,15204,256.0,"[18863, 15204]"
18863,19171,1.0,"[18863, 16991, 19469, 19171]"
18863,19171,270.0,"[18863, 19171]"
18863,18144,29.99999999007619,"[18863, 14444, 18144]"
18863,18144,270.00000000992384,"[18863, 18144]"
18863,11472,35.0,"[18863, 11472]"
18863,15286,28.0,"[18863, 15286]"
18863,18849,1.0,"[18863, 16991, 18849]"
18863,18978,300.0,"[18863, 18978]"
18863,15506,1.0,"[18863, 16991, 14724, 15506]"
18863,16366,263.0,"[18863, 16366]"
18863,19539,1.0,"[18863, 16991, 12985, 13179, 19539]"
18863,12214,1.0,"[18863, 16991, 12985, 10904, 12214]"
18863,16133,1.0,"[18863, 16991, 19469, 13474, 16133]"
18863,13101,199.0,"[18863, 13101]"
18863,13570,1.0,"[18863, 13570]"
18863,19469,30.0,"[18863, 16991, 19469]"
18863,19469,270.0,"[18863, 19469]"
18863,17535,300.0,"[18863, 17535]"
18863,10751,1.0,"[18863, 16991, 19469, 13474, 16133, 10751]"
18863,16219,1.0,"[18863, 16991, 14724, 15506, 16219]"
18863,11214,1.0,"[18863, 16991, 13523, 11214]"
18863,15916,300.0,"[18863, 15916]"
18863,10708,1.0,"[18863, 16991, 12985, 10904, 10708]"
18863,14070,300.0,"[18863, 14070]"
18863,13179,1.0,"[18863, 16991, 12985, 13179]"
18863,10270,1.0,"[18863, 16991, 14724, 10270]"
18863,12952,1.0,"[18863, 16991, 19469, 13474, 10989, 17253, 15204, 12952]"
18863,16916,300.0,"[18863, 16916]"
18863,10904,1.0,"[18863, 16991, 12985, 10904]"
18863,13431,58.0,"[18863, 13431]"
18863,10178,120.0,"[18863, 16991, 10178]"
18863,10178,180.0,"[18863, 10178]"
18863,18577,49.0,"[18863, 18577]"
18863,13250,1.0,"[18863, 16991, 19469, 13474, 16133, 13250]"
18863,10327,1.0,"[18863, 16991, 13523, 10327]"
18863,11168,300.0,"[18863, 11168]"
18863,10044,1.0,"[18863, 16991, 14724, 10044]"
18863,17495,1.0,"[18863, 16991, 12985, 10904, 17495]"
18863,18182,300.0,"[18863, 18182]"
18863,17784,26.0,"[18863, 17784]"
18863,12280,59.0,"[18863, 12280]"
18863,19311,300.0,"[18863, 19311]"
18863,10570,72.0,"[18863, 10570]"
18863,16991,48.0,"[18863, 16991]"
18863,13183,1.0,"[18863, 16991, 19469, 13183]"
18863,15747,248.0,"[18863, 15747]"
18863,14376,1.0,"[18863, 16991, 19469, 13474, 10989, 17253, 14376]"
18863,19338,1.0,"[18863, 16991, 19469, 13474, 19338]"
18863,14444,300.0,"[18863, 14444]"
18863,12663,1.0,"[18863, 16991, 12663]"
18863,13856,152.0,"[18863, 13856]"
11267,13474,1.0,"[11267, 10904, 13474]"
11267,16366,300.0,"[11267, 16366]"
11267,12627,1.0,"[11267, 13179, 12627]"
11267,18144,1.0,"[11267, 18144]"
11267,19469,1.0,"[11267, 10904, 19469]"
11267,15973,1.0,"[11267, 15973]"
11267,13578,1.0,"[11267, 10904, 13474, 13578]"
11267,18577,1.0,"[11267, 10904, 18577]"
11267,14070,300.0,"[11267, 14070]"
11267,19180,300.0,"[11267, 19180]"
11267,12985,300.0,"[11267, 12985]"
11267,17312,1.0,"[11267, 19539, 17312]"
11267,19956,1.0,"[11267, 10904, 13474, 16133, 19956]"
11267,10904,1.0,"[11267, 10904]"
11267,18978,300.0,"[11267, 18978]"
11267,16133,285.0,"[11267, 16133]"
11267,14076,103.0,"[11267, 14076]"
11267,17770,252.0,"[11267, 17770]"
11267,12663,192.0,"[11267, 12663]"
11267,13179,1.0,"[11267, 13179]"
11267,14376,1.0,"[11267, 10904, 13474, 10989, 17253, 14376]"
11267,17495,300.0,"[11267, 17495]"
11267,19338,257.0,"[11267, 19338]"
11267,14252,300.0,"[11267, 14252]"
11267,18849,1.0,"[11267, 10904, 13474, 18849]"
11267,18446,1.0,"[11267, 10904, 18446]"
11267,11117,1.0,"[11267, 10904, 13474, 10989, 17253, 11117]"
11267,13856,1.0,"[11267, 10904, 13474, 13856]"
11267,12280,300.0,"[11267, 12280]"
11267,10708,300.0,"[11267, 10708]"
11267,11214,44.0,"[11267, 11214]"
11267,10570,175.0,"[11267, 10570]"
11267,13183,300.0,"[11267, 13183]"
11267,15206,173.0,"[11267, 15206]"
11267,15506,300.0,"[11267, 15506]"
11267,17784,1.0,"[11267, 10904, 17784]"
11267,10178,1.0,"[11267, 13179, 10178]"
11267,14005,1.0,"[11267, 13179, 14005]"
11267,14444,211.0,"[11267, 14444]"
11267,10751,300.0,"[11267, 10751]"
11267,13523,300.0,"[11267, 13523]"
11267,15916,120.0,"[11267, 10708, 15916]"
11267,15916,180.0,"[11267, 15916]"
11267,16991,1.0,"[11267, 13179, 16991]"
11267,13431,300.0,"[11267, 13431]"
11267,10376,286.0,"[11267, 10376]"
11267,17535,300.0,"[11267, 17535]"
11267,12379,300.0,"[11267, 12379]"
11267,13250,110.0,"[11267, 13250]"
11267,10327,108.0,"[11267, 10327]"
11267,13101,80.0,"[11267, 13101]"
11267,14724,1.0,"[11267, 13179, 14724]"
11267,19542,208.0,"[11267, 19542]"
11267,10270,139.0,"[11267, 10270]"
11267,19185,29.999999999999936,"[11267, 10708, 19185]"
11267,19185,270.00000000000006,"[11267, 19185]"
11267,19539,1.0,"[11267, 19539]"
11267,13503,300.0,"[11267, 13503]"
11267,15204,1.0,"[11267, 10904, 13474, 10989, 17253, 15204]"
11267,12952,300.0,"[11267, 12952]"
11267,12214,25.0,"[11267, 10708, 15916, 12214]"
11267,12214,180.0,"[11267, 12214]"
11267,10044,172.0,"[11267, 10044]"
11267,18863,300.0,"[11267, 18863]"
11267,13651,1.0,"[11267, 19539, 13651]"
11267,15286,300.0,"[11267, 15286]"
11267,17822,1.0,"[11267, 13179, 17822]"
11267,18182,1.0,"[11267, 10904, 13474, 16133, 18182]"
11267,15401,1.0,"[11267, 10904, 13474, 15401]"
11267,16262,1.0,"[11267, 10904, 16262]"
11267,11472,300.0,"[11267, 11472]"
11267,18476,1.0,"[11267, 13179, 18476]"
11267,15747,300.0,"[11267, 15747]"
11267,15262,1.0,"[11267, 10904, 13474, 10989, 17253, 15204, 15262]"
11267,16916,1.0,"[11267, 10708, 15916, 16916]"
11267,11861,109.0,"[11267, 11861]"
11267,11168,300.0,"[11267, 11168]"
11267,15028,1.0,"[11267, 10904, 13474, 10989, 17253, 15204, 15028]"
11267,19171,1.0,"[11267, 10904, 13474, 19171]"
11267,16219,300.0,"[11267, 16219]"
12627,18446,1.0,"[12627, 12985, 18446]"
12627,15401,1.0,"[12627, 10044, 19469, 13474, 15401]"
12627,14444,1.0,"[12627, 15506, 14444]"
12627,14444,90.0,"[12627, 14444]"
12627,10659,1.0,"[12627, 10044, 16219, 10178, 10659]"
12627,15747,1.0,"[12627, 12985, 13179, 15747]"
12627,15204,1.0,"[12627, 10044, 19469, 13474, 10989, 17253, 15204]"
12627,18577,95.0,"[12627, 18577]"
12627,14252,300.0,"[12627, 14252]"
12627,18978,1.0,"[12627, 10044, 19469, 13474, 18978]"
12627,15206,1.0,"[12627, 10044, 19469, 15206]"
12627,13503,52.0,"[12627, 13503]"
12627,16219,1.0,"[12627, 10044, 16219]"
12627,13431,7.0,"[12627, 12985, 10904, 13431]"
12627,13431,90.0,"[12627, 13431]"
12627,10751,174.0,"[12627, 10751]"
12627,13578,1.0,"[12627, 10044, 19469, 13474, 13578]"
12627,17770,1.0,"[12627, 10044, 19469, 13474, 10989, 17253, 17770]"
12627,13474,1.0,"[12627, 10044, 19469, 13474]"
12627,17312,1.0,"[12627, 12985, 10904, 17312]"
12627,13179,1.0,"[12627, 12985, 13179]"
12627,19185,300.0,"[12627, 19185]"
12627,18182,300.0,"[12627, 18182]"
12627,17784,300.0,"[12627, 17784]"
12627,17535,125.0,"[12627, 17535]"
12627,15506,300.0,"[12627, 15506]"
12627,19171,276.0,"[12627, 19171]"
12627,10327,1.0,"[12627, 19542, 13523, 10327]"
12627,15286,300.0,"[12627, 15286]"
12627,13101,161.0,"[12627, 13101]"
12627,19469,83.0,"[12627, 19469]"
12627,18144,1.0,"[12627, 18144]"
12627,15262,138.0,"[12627, 15262]"
12627,15973,300.0,"[12627, 15973]"
12627,13183,180.0,"[12627, 13183]"
12627,13570,1.0,"[12627, 12985, 13570]"
12627,13651,297.0,"[12627, 13651]"
12627,10904,1.0,"[12627, 12985, 10904]"
12627,11214,1.0,"[12627, 19542, 13523, 11214]"
12627,11861,1.0,"[12627, 10044, 19469, 13474, 11861]"
12627,14070,1.0,"[12627, 12985, 13179, 14070]"
12627,10570,6.0,"[12627, 12985, 10904, 10570]"
12627,10570,270.0,"[12627, 10570]"
12627,11472,1.0,"[12627, 10044, 19469, 13474, 16133, 11472]"
12627,16916,55.0,"[12627, 16916]"
12627,11117,20.0,"[12627, 11117]"
12627,12985,152.0,"[12627, 12985]"
12627,10044,1.0,"[12627, 10044]"
12627,12280,221.0,"[12627, 12280]"
12627,14076,1.0,"[12627, 14076]"
12627,19542,300.0,"[12627, 19542]"
12627,10270,1.0,"[12627, 10270]"
12627,14724,300.0,"[12627, 14724]"
12627,10376,300.0,"[12627, 10376]"
12627,10708,1.0,"[12627, 12985, 10904, 10708]"
12627,14376,1.0,"[12627, 10044, 19469, 13474, 10989, 17253, 14376]"
12627,16262,183.0,"[12627, 16262]"
12627,12952,1.0,"[12627, 10044, 19469, 13474, 10989, 17253, 15204, 12952]"
12627,16133,125.0,"[12627, 16133]"
12627,15916,50.0,"[12627, 15916]"
12627,11168,300.0,"[12627, 11168]"
12627,10178,1.0,"[12627, 10044, 16219, 10178]"
12627,16366,1.0,"[12627, 10044, 19469, 16366]"
12627,14005,300.0,"[12627, 14005]"
12627,13523,1.0,"[12627, 19542, 13523]"
12627,17822,1.0,"[12627, 15506, 17822]"
12627,13250,21.0,"[12627, 13250]"
12627,12214,22.0,"[12627, 12985, 10904, 12214]"
12627,12214,180.0,"[12627, 12214]"
12627,17495,300.0,"[12627, 17495]"
12627,15028,1.0,"[12627, 10044, 19469, 13474, 10989, 17253, 15204, 15028]"
12627,13856,1.0,"[12627, 10044, 19469, 13474, 13856]"
12627,19539,300.0,"[12627, 19539]"
12627,19180,83.0,"[12627, 19180]"
12627,16991,30.0,"[12627, 15506, 16991]"
12627,16991,270.0,"[12627, 16991]"
12627,11568,1.0,"[12627, 10044, 19469, 11568]"
12627,18849,10.0,"[12627, 19542, 13523, 18849]"
12627,18849,270.0,"[12627, 18849]"
12627,18476,1.0,"[12627, 12985, 13179, 18476]"
12627,18863,1.0,"[12627, 15506, 18863]"
12627,19338,1.0,"[12627, 10044, 19469, 13474, 19338]"
12627,12663,1.0,"[12627, 12985, 12663]"
12627,19956,300.0,"[12627, 19956]"
17784,11168,69.0,"[17784, 11168]"
17784,17312,13.0,"[17784, 10904, 17312]"
17784,17312,180.0,"[17784, 17312]"
17784,16133,234.0,"[17784, 16133]"
17784,12952,1.0,"[17784, 10904, 13474, 10989, 17253, 15204, 12952]"
17784,18577,1.0,"[17784, 10904, 18577]"
17784,13651,1.0,"[17784, 10904, 13651]"
17784,16366,300.0,"[17784, 16366]"
17784,18863,1.0,"[17784, 13179, 18863]"
17784,10570,300.0,"[17784, 10570]"
17784,14444,236.0,"[17784, 14444]"
17784,15204,18.0,"[17784, 15204]"
17784,14070,300.0,"[17784, 14070]"
17784,13856,1.0,"[17784, 10904, 13474, 13856]"
17784,16219,1.0,"[17784, 15506, 16219]"
17784,17535,1.0,"[17784, 10904, 17535]"
17784,19180,30.0,"[17784, 15506, 19180]"
17784,19180,270.0,"[17784, 19180]"
17784,10376,179.0,"[17784, 10376]"
17784,10178,300.0,"[17784, 10178]"
17784,13503,1.0,"[17784, 15506, 13503]"
17784,16991,1.0,"[17784, 13179, 16991]"
17784,18182,270.0,"[17784, 18182]"
17784,15401,1.0,"[17784, 10904, 13474, 15401]"
17784,10044,143.0,"[17784, 10044]"
17784,10327,1.0,"[17784, 10904, 13474, 10327]"
17784,12214,244.0,"[17784, 12214]"
17784,18144,300.0,"[17784, 18144]"
17784,11117,1.0,"[17784, 10904, 13474, 10989, 17253, 11117]"
17784,11568,30.0,"[17784, 13179, 11568]"
17784,11568,270.0,"[17784, 11568]"
17784,15028,1.0,"[17784, 10904, 13474, 10989, 17253, 15204, 15028]"
17784,13570,1.0,"[17784, 13179, 13570]"
17784,19469,1.0,"[17784, 10904, 19469]"
17784,12985,1.0,"[17784, 15506, 12985]"
17784,10904,188.0,"[17784, 10904]"
17784,12627,178.0,"[17784, 12627]"
17784,15747,300.0,"[17784, 15747]"
17784,17495,199.0,"[17784, 17495]"
17784,11861,300.0,"[17784, 11861]"
17784,14005,300.0,"[17784, 14005]"
17784,12663,300.0,"[17784, 12663]"
17784,19338,300.0,"[17784, 19338]"
17784,10751,300.0,"[17784, 10751]"
17784,14376,300.0,"[17784, 14376]"
17784,14076,300.0,"[17784, 14076]"
17784,10659,1.0,"[17784, 13179, 10659]"
17784,10708,1.0,"[17784, 10904, 10708]"
17784,16916,300.0,"[17784, 16916]"
17784,15506,300.0,"[17784, 15506]"
17784,11472,300.0,"[17784, 11472]"
17784,15286,300.0,"[17784, 15286]"
17784,11214,291.0,"[17784, 11214]"
17784,13250,300.0,"[17784, 13250]"
17784,15206,174.0,"[17784, 15206]"
17784,10270,1.0,"[17784, 15506, 10270]"
17784,19542,300.0,"[17784, 19542]"
17784,19185,300.0,"[17784, 19185]"
17784,18476,300.0,"[17784, 18476]"
17784,13183,300.0,"[17784, 13183]"
17784,13101,1.0,"[17784, 10904, 13474, 15401, 13101]"
17784,15973,1.0,"[17784, 15506, 15973]"
17784,17822,300.0,"[17784, 17822]"
17784,18446,1.0,"[17784, 10904, 18446]"
17784,18849,1.0,"[17784, 13179, 18849]"
17784,12280,1.0,"[17784, 13179, 12280]"
17784,13523,1.0,"[17784, 10904, 13523]"
17784,15262,1.0,"[17784, 10904, 13474, 10989, 17253, 15204, 15262]"
17784,19311,1.0,"[17784, 10904, 19311]"
17784,19956,1.0,"[17784, 10904, 13474, 16133, 19956]"
17784,13179,300.0,"[17784, 13179]"
17784,15916,300.0,"[17784, 15916]"
17784,14724,1.0,"[17784, 14724]"
17784,16262,1.0,"[17784, 10904, 16262]"
17784,13431,1.0,"[17784, 10904, 13431]"
17784,17770,1.0,"[17784, 10904, 13474, 10989, 17253, 17770]"
17784,14252,300.0,"[17784, 14252]"
17784,13474,300.0,"[17784, 13474]"
17784,13578,1.0,"[17784, 10904, 13474, 13578]"
17784,19171,1.0,"[17784, 10904, 13474, 19171]"
17784,18978,237.0,"[17784, 18978]"
17784,19539,1.0,"[17784, 13179, 19539]"
13651,19311,88.0,"[13651, 10570, 19311]"
13651,10570,300.0,"[13651, 10570]"
13651,17312,1.0,"[13651, 10708, 17312]"
13183,12985,43.0,"[13183, 18577, 12985]"
13183,15973,300.0,"[13183, 15973]"
13183,11267,1.0,"[13183, 16262, 18476, 11267]"
13183,16053,1.0,"[13183, 11861, 10989, 16053]"
13183,15401,1.0,"[13183, 11861, 15401]"
13183,10270,209.0,"[13183, 18577, 10270]"
15872,16991,1.0,"[15872, 15506, 16991]"
15872,16991,90.0,"[15872, 16991]"
15872,16366,168.0,"[15872, 16366]"
15872,10751,300.0,"[15872, 10751]"
15872,15286,300.0,"[15872, 15286]"
15872,13101,145.0,"[15872, 13101]"
15872,10327,50.0,"[15872, 10327]"
15872,18978,1.0,"[15872, 14076, 19542, 13474, 18978]"
15872,13474,1.0,"[15872, 14076, 19542, 13474]"
15872,14252,112.0,"[15872, 14252]"
15872,19469,30.0,"[15872, 10044, 19469]"
15872,19469,270.0,"[15872, 19469]"
15872,17535,300.0,"[15872, 17535]"
15872,10659,1.0,"[15872, 16219, 10178, 10659]"
15872,17784,1.0,"[15872, 14076, 17784]"
15872,14444,1.0,"[15872, 15506, 14444]"
15872,16219,1.0,"[15872, 16219]"
15872,18446,1.0,"[15872, 10044, 12985, 18446]"
15872,19338,297.0,"[15872, 19338]"
15872,18476,1.0,"[15872, 10044, 19469, 18476]"
15872,10570,1.0,"[15872, 10044, 12985, 10904, 10570]"
15872,16262,1.0,"[15872, 10044, 19469, 16262]"
15872,14376,1.0,"[15872, 14076, 19542, 13474, 10989, 17253, 14376]"
15872,13179,1.0,"[15872, 10044, 12985, 13179]"
15872,19956,128.0,"[15872, 19956]"
15872,12663,1.0,"[15872, 10044, 19469, 12663]"
15872,17495,300.0,"[15872, 17495]"
15872,11861,300.0,"[15872, 11861]"
15872,15401,300.0,"[15872, 15401]"
15872,15916,300.0,"[15872, 15916]"
15872,13183,300.0,"[15872, 13183]"
15872,19185,300.0,"[15872, 19185]"
15872,19542,1.0,"[15872, 14076, 19542]"
15872,18182,14.0,"[15872, 14076, 19542, 13474, 16133, 18182]"
15872,18182,90.0,"[15872, 18182]"
15872,13503,1.0,"[15872, 12627, 13503]"
15872,10270,300.0,"[15872, 10270]"
15872,18577,1.0,"[15872, 10044, 19469, 18577]"
15872,10708,300.0,"[15872, 10708]"
15872,10178,30.0,"[15872, 16219, 10178]"
15872,10178,270.0,"[15872, 10178]"
15872,13431,300.0,"[15872, 13431]"
15872,12280,242.0,"[15872, 12280]"
15872,19311,161.0,"[15872, 19311]"
15872,12214,1.0,"[15872, 10044, 19469, 12214]"
15872,19180,139.0,"[15872, 19180]"
15872,19171,237.0,"[15872, 19171]"
15872,15506,1.0,"[15872, 15506]"
15872,12985,7.815970093361102e-14,"[15872, 10044, 12985]"
15872,12985,299.99999999999994,"[15872, 12985]"
15872,10376,300.0,"[15872, 10376]"
15872,13523,1.0,"[15872, 14076, 19542, 13523]"
15872,17770,300.0,"[15872, 17770]"
15872,12627,300.0,"[15872, 12627]"
15872,15262,1.0,"[15872, 14076, 19542, 13474, 10989, 17253, 15204, 15262]"
15872,13250,1.0,"[15872, 14076, 19542, 13474, 16133, 13250]"
15872,12952,1.0,"[15872, 14076, 19542, 13474, 10989, 17253, 15204, 12952]"
15872,11168,1.0,"[15872, 14076, 19542, 13474, 16133, 11168]"
15872,11117,1.0,"[15872, 14076, 19542, 13474, 10989, 17253, 11117]"
15872,18144,1.0,"[15872, 18144]"
15872,15206,57.0,"[15872, 15206]"
15872,17822,300.0,"[15872, 17822]"
15872,14005,300.0,"[15872, 14005]"
15872,13651,247.0,"[15872, 13651]"
15872,15747,1.0,"[15872, 10044, 12985, 13179, 15747]"
15872,16916,300.0,"[15872, 16916]"
15872,16133,300.0,"[15872, 16133]"
15872,11472,1.0,"[15872, 14076, 19542, 13474, 16133, 11472]"
15872,13856,1.0,"[15872, 14076, 19542, 13474, 13856]"
15872,13578,1.0,"[15872, 14076, 19542, 13474, 13578]"
15872,15028,1.0,"[15872, 14076, 19542, 13474, 10989, 17253, 15204, 15028]"
15872,15973,300.0,"[15872, 15973]"
15872,11568,1.0,"[15872, 16219, 10178, 11568]"
15872,18863,1.0,"[15872, 15506, 18863]"
15872,19539,1.0,"[15872, 10044, 12985, 13179, 19539]"
15872,11214,30.0,"[15872, 14076, 19542, 13523, 11214]"
15872,11214,270.0,"[15872, 11214]"
15872,14076,1.0,"[15872, 14076]"
15872,18849,300.0,"[15872, 18849]"
15872,10904,1.0,"[15872, 10044, 12985, 10904]"
15872,15204,1.0,"[15872, 14076, 19542, 13474, 10989, 17253, 15204]"
15872,14724,1.0,"[15872, 14724]"
15872,14070,272.0,"[15872, 14070]"
15872,17312,300.0,"[15872, 17312]"
15872,13570,1.0,"[15872, 16219, 10178, 13570]"
15872,10044,1.0,"[15872, 10044]"
14076,16219,45.0,"[14076, 16219]"
16991,15973,1.0,"[16991, 14724, 15506, 15973]"
16991,14724,300.0,"[16991, 14724]"
16991,13578,1.0,"[16991, 19469, 13474, 13578]"
16991,19171,119.0,"[16991, 19171]"
16991,14076,1.0,"[16991, 14076]"
16991,16262,253.0,"[16991, 16262]"
16991,16366,163.0,"[16991, 16366]"
16991,13474,1.0,"[16991, 19469, 13474]"
16991,19956,144.0,"[16991, 19956]"
16991,14376,184.0,"[16991, 14376]"
16991,14444,300.0,"[16991, 14444]"
16991,15916,283.0,"[16991, 15916]"
16991,15286,300.0,"[16991, 15286]"
16991,19542,85.0,"[16991, 14076, 19542]"
16991,15401,225.0,"[16991, 15401]"
16991,17822,1.0,"[16991, 17822]"
16991,13101,1.0,"[16991, 19469, 13474, 15401, 13101]"
16991,16133,300.0,"[16991, 16133]"
16991,18446,30.0,"[16991, 12985, 18446]"
16991,18446,270.0,"[16991, 18446]"
16991,12663,1.0,"[16991, 12663]"
16991,11568,300.0,"[16991, 11568]"
16991,18849,300.0,"[16991, 18849]"
16991,12627,30.0,"[16991, 14724, 12627]"
16991,12627,270.0,"[16991, 12627]"
16991,19185,1.0,"[16991, 12985, 10904, 19185]"
16991,11214,1.0,"[16991, 13523, 11214]"
16991,19311,1.0,"[16991, 12985, 10904, 19311]"
16991,13523,1.0,"[16991, 13523]"
16991,13179,67.0,"[16991, 13179]"
16991,14005,9.0,"[16991, 14724, 14005]"
16991,13651,300.0,"[16991, 13651]"
16991,11117,1.0,"[16991, 19469, 13474, 10989, 17253, 11117]"
16991,11472,300.0,"[16991, 11472]"
16991,19469,1.0,"[16991, 19469]"
16991,10659,1.0,"[16991, 10659]"
16991,10376,1.0,"[16991, 19469, 13474, 10376]"
16991,19539,35.0,"[16991, 19539]"
16991,10904,33.0,"[16991, 12985, 10904]"
16991,18144,1.0,"[16991, 14444, 18144]"
16991,15506,30.0,"[16991, 14724, 15506]"
16991,15506,270.0,"[16991, 15506]"
16991,11861,1.0,"[16991, 19469, 13474, 11861]"
16991,13570,1.0,"[16991, 13570]"
16991,17312,300.0,"[16991, 17312]"
16991,10270,1.0,"[16991, 14724, 10270]"
16991,18978,155.0,"[16991, 18978]"
16991,12952,277.0,"[16991, 12952]"
16991,17784,30.0,"[16991, 14724, 17784]"
16991,17784,270.0,"[16991, 17784]"
16991,15206,58.0,"[16991, 15206]"
16991,15262,220.0,"[16991, 15262]"
16991,11168,300.0,"[16991, 11168]"
16991,14070,295.0,"[16991, 14070]"
16991,15747,300.0,"[16991, 15747]"
16991,18577,183.0,"[16991, 18577]"
16991,17535,1.0,"[16991, 12985, 10904, 17535]"
16991,15028,1.0,"[16991, 19469, 13474, 10989, 17253, 15204, 15028]"
16991,10751,67.0,"[16991, 10751]"
16991,19180,23.0,"[16991, 14444, 19180]"
16991,19180,90.0,"[16991, 19180]"
16991,16219,1.0,"[16991, 14724, 15506, 16219]"
16991,12280,1.0,"[16991, 12280]"
16991,19338,1.0,"[16991, 19469, 13474, 19338]"
16991,14252,300.0,"[16991, 14252]"
16991,13250,1.0,"[16991, 19469, 13474, 16133, 13250]"
16991,16916,300.0,"[16991, 16916]"
16991,15204,1.0,"[16991, 19469, 13474, 10989, 17253, 15204]"
16991,17495,300.0,"[16991, 17495]"
16991,10327,3.0,"[16991, 13523, 10327]"
16991,10327,180.0,"[16991, 10327]"
16991,18182,1.0,"[16991, 19469, 13474, 16133, 18182]"
16991,12214,1.0,"[16991, 12985, 10904, 12214]"
16991,10044,60.0,"[16991, 14724, 10044]"
16991,10044,180.0,"[16991, 10044]"
16991,10178,300.0,"[16991, 10178]"
16991,12985,1.0,"[16991, 12985]"
16991,18863,1.0,"[16991, 18863]"
16991,13183,136.0,"[16991, 13183]"
16991,13503,30.0,"[16991, 14724, 13503]"
16991,13503,270.0,"[16991, 13503]"
16991,10570,1.0,"[16991, 12985, 10904, 10570]"
16991,13431,1.0,"[16991, 12985, 10904, 13431]"
16991,10708,1.0,"[16991, 12985, 10904, 10708]"
16991,17770,250.0,"[16991, 17770]"
16991,18476,1.0,"[16991, 19469, 18476]"
16991,13856,300.0,"[16991, 13856]"
12663,10270,236.0,"[12663, 10270]"
12663,14252,1.0,"[12663, 14252]"
12663,11267,1.0,"[12663, 18476, 11267]"
12663,15872,68.0,"[12663, 15872]"
12663,12985,300.0,"[12663, 12985]"
12214,16916,259.0,"[12214, 16916]"
12214,10708,1.0,"[12214, 16916, 10708]"
12214,12985,242.0,"[12214, 12985]"
12214,11267,300.0,"[12214, 11267]"
12214,10570,69.0,"[12214, 10570]"
12214,10270,300.0,"[12214, 10270]"
12214,15872,300.0,"[12214, 15872]"
19921,14444,1.0,"[19921, 12985, 14444]"
19921,10751,1.0,"[19921, 17547, 19469, 13474, 16133, 10751]"
19921,13101,300.0,"[19921, 13101]"
19921,16916,136.0,"[19921, 16916]"
19921,19542,1.0,"[19921, 15973, 19542]"
19921,19956,300.0,"[19921, 19956]"
19921,15747,1.0,"[19921, 17547, 19469, 15747]"
19921,17770,300.0,"[19921, 17770]"
19921,15916,292.0,"[19921, 15916]"
19921,15206,1.0,"[19921, 15206]"
19921,12280,1.0,"[19921, 17547, 19469, 12280]"
19921,16991,1.0,"[19921, 17547, 15506, 16991]"
19921,15973,300.0,"[19921, 15973]"
19921,10708,300.0,"[19921, 10708]"
19921,13570,4.955369448111927e-12,"[19921, 12985, 13570]"
19921,13570,299.99999999999505,"[19921, 13570]"
19921,17784,1.0,"[19921, 17547, 17784]"
19921,12952,24.0,"[19921, 12952]"
19921,11117,1.0,"[19921, 17547, 19469, 13474, 10989, 17253, 11117]"
19921,13431,122.0,"[19921, 13431]"
19921,17547,1.0,"[19921, 17547]"
19921,10044,221.0,"[19921, 10044]"
19921,13651,71.0,"[19921, 13651]"
19921,10904,300.0,"[19921, 10904]"
19921,14076,1.0,"[19921, 17547, 14076]"
19921,14376,300.0,"[19921, 14376]"
19921,13503,1.0,"[19921, 13503]"
19921,14005,300.0,"[19921, 14005]"
19921,18182,1.0,"[19921, 17547, 19469, 13474, 16133, 18182]"
19921,15262,5.0,"[19921, 17547, 19469, 13474, 10989, 17253, 15204, 15262]"
19921,10570,300.0,"[19921, 10570]"
19921,13578,300.0,"[19921, 13578]"
19921,19469,30.000000000003798,"[19921, 17547, 19469]"
19921,19469,269.9999999999962,"[19921, 19469]"
19921,10659,1.0,"[19921, 17547, 19469, 10659]"
19921,11568,246.0,"[19921, 11568]"
19921,19185,300.0,"[19921, 19185]"
19921,18446,1.0,"[19921, 12985, 18446]"
19921,19539,300.0,"[19921, 19539]"
19921,15028,1.0,"[19921, 17547, 19469, 13474, 10989, 17253, 15204, 15028]"
19921,13179,170.0,"[19921, 13179]"
19921,12214,1.0,"[19921, 17547, 19469, 12214]"
19921,15506,124.0,"[19921, 15506]"
19921,15204,1.0,"[19921, 17547, 19469, 13474, 10989, 17253, 15204]"
19921,15286,300.0,"[19921, 15286]"
19921,17495,300.0,"[19921, 17495]"
19921,11168,1.0,"[19921, 17547, 19469, 13474, 16133, 11168]"
19921,12663,49.0,"[19921, 12663]"
19921,17312,147.0,"[19921, 17312]"
19921,15401,1.0,"[19921, 17547, 19469, 13474, 15401]"
19921,18144,300.0,"[19921, 18144]"
19921,17535,47.0,"[19921, 17535]"
19921,12985,76.0,"[19921, 12985]"
19921,13250,300.0,"[19921, 13250]"
19921,10178,30.0,"[19921, 17547, 16219, 10178]"
19921,10178,270.0,"[19921, 10178]"
18144,18849,30.0,"[18144, 13523, 18849]"
18144,18849,270.0,"[18144, 18849]"
18144,15204,300.0,"[18144, 15204]"
18144,17784,300.0,"[18144, 17784]"
18144,12663,1.0,"[18144, 12663]"
18144,12627,11.0,"[18144, 19542, 12627]"
18144,13503,1.0,"[18144, 19542, 13503]"
18144,14252,37.0,"[18144, 14252]"
18144,18577,1.0,"[18144, 13523, 18577]"
18144,11117,1.0,"[18144, 13474, 10989, 17253, 11117]"
18144,19956,3.0,"[18144, 13474, 16133, 19956]"
18144,19956,180.0,"[18144, 19956]"
18144,15028,1.0,"[18144, 13474, 10989, 17253, 15204, 15028]"
18144,10044,1.0,"[18144, 19542, 10044]"
18144,12280,300.0,"[18144, 12280]"
18144,11214,23.0,"[18144, 13523, 11214]"
18144,11214,180.0,"[18144, 11214]"
18144,10904,221.0,"[18144, 10904]"
18144,19311,1.0,"[18144, 19469, 19311]"
18144,19542,1.0,"[18144, 19542]"
18144,13474,204.0,"[18144, 13474]"
18144,17535,1.0,"[18144, 19469, 17535]"
18144,15872,176.0,"[18144, 15872]"
18144,13651,254.0,"[18144, 13651]"
18144,14444,189.0,"[18144, 14444]"
18144,17770,208.0,"[18144, 17770]"
18144,19921,300.0,"[18144, 19921]"
18144,15206,1.0,"[18144, 19469, 15206]"
18144,18863,261.0,"[18144, 18863]"
18144,18446,236.0,"[18144, 18446]"
18144,10570,300.0,"[18144, 10570]"
18144,14376,1.0,"[18144, 13474, 10989, 17253, 14376]"
18144,17495,145.0,"[18144, 17495]"
18144,12952,1.0,"[18144, 13474, 10989, 17253, 15204, 12952]"
18144,13523,1.0,"[18144, 13523]"
18144,10327,300.0,"[18144, 10327]"
18144,16219,1.0,"[18144, 19542, 14076, 16219]"
18144,14070,1.0,"[18144, 14070]"
18144,17822,154.0,"[18144, 17822]"
18144,19171,160.0,"[18144, 19171]"
18144,14005,1.0,"[18144, 19542, 14005]"
18144,15286,1.0,"[18144, 15286]"
18144,10178,300.0,"[18144, 10178]"
18144,15506,7.0,"[18144, 19542, 15506]"
18144,13183,185.0,"[18144, 13183]"
18144,13431,300.0,"[18144, 13431]"
18144,15262,1.0,"[18144, 13474, 10989, 17253, 15204, 15262]"
18144,14724,8.0,"[18144, 19542, 14724]"
18144,13179,1.0,"[18144, 13179]"
18144,11168,253.0,"[18144, 11168]"
18144,10270,254.0,"[18144, 10270]"
18144,16991,30.0,"[18144, 16991]"
18144,18476,169.0,"[18144, 18476]"
18144,15973,210.0,"[18144, 19921, 15973]"
18144,15973,90.0,"[18144, 15973]"
18144,19469,1.0,"[18144, 19469]"
18144,12985,223.0,"[18144, 12985]"
18144,18182,66.0,"[18144, 18182]"
18144,16262,300.0,"[18144, 16262]"
18144,19180,210.0,"[18144, 14444, 19180]"
18144,19180,90.0,"[18144, 19180]"
19371,16053,1.0,"[19371, 13578, 16053]"
19371,12985,1.0,"[19371, 13578, 16133, 12985]"
19371,18978,128.0,"[19371, 15401, 18978]"
19371,19338,1.0,"[19371, 13578, 19338]"
19371,15872,300.0,"[19371, 15872]"
19371,10376,6.440767069128657e-13,"[19371, 13578, 10376]"
19371,10376,299.9999999999994,"[19371, 10376]"
19371,15401,1.0,"[19371, 15401]"
19371,16133,1.0,"[19371, 13578, 16133]"
19371,11214,1.0,"[19371, 15401, 11214]"
19371,10751,46.999999999999986,"[19371, 13578, 10751]"
19371,10751,90.00000000000001,"[19371, 10751]"
19371,11267,16.0,"[19371, 13578, 16133, 13179, 11267]"
19371,11267,180.0,"[19371, 11267]"
19371,11472,1.0,"[19371, 15401, 11472]"
19371,13856,300.0000000003804,"[19371, 13856]"
19371,13578,300.0,"[19371, 13578]"
19371,11861,1.0,"[19371, 15401, 11861]"
19371,13101,1.0,"[19371, 15401, 13101]"
16053,17770,1.0,"[16053, 11168, 15204, 17770]"
16053,10178,30.0,"[16053, 13523, 10178]"
16053,10178,270.0,"[16053, 10178]"
16053,16366,30.0,"[16053, 11168, 16366]"
16053,16366,270.0,"[16053, 16366]"
16053,17312,146.0,"[16053, 17312]"
16053,13503,32.0,"[16053, 13523, 13503]"
16053,13503,90.0,"[16053, 13503]"
16053,11168,1.0,"[16053, 11168]"
16053,18476,1.0,"[16053, 18476]"
16053,13179,1.0,"[16053, 13856, 16133, 13179]"
16053,12379,68.0,"[16053, 12379]"
16053,12627,0.9999999999998869,"[16053, 19542, 12627]"
16053,12627,270.0000000000001,"[16053, 12627]"
16053,15973,71.0,"[16053, 15973]"
16053,18144,1.0,"[16053, 19542, 18144]"
16053,13183,46.0,"[16053, 13183]"
16053,15028,300.0,"[16053, 15028]"
16053,11117,191.0,"[16053, 11117]"
16053,13523,1.0,"[16053, 13523]"
16053,12663,1.0,"[16053, 12663]"
16053,17535,210.0,"[16053, 12379, 17535]"
16053,17535,90.0,"[16053, 17535]"
16053,18577,21.0,"[16053, 13523, 18577]"
16053,18577,270.0,"[16053, 18577]"
16053,14252,108.0,"[16053, 14252]"
16053,15506,1.0,"[16053, 13523, 15506]"
16053,10376,72.0,"[16053, 18182, 10376]"
16053,17495,30.0,"[16053, 14070, 17495]"
16053,17495,270.0,"[16053, 17495]"
16053,11214,1.0,"[16053, 13856, 10989, 11214]"
16053,15206,163.0,"[16053, 15206]"
16053,13474,1.0,"[16053, 14252, 13474]"
16053,10327,46.0,"[16053, 13523, 10327]"
16053,10327,90.0,"[16053, 10327]"
16053,13250,1.0,"[16053, 11168, 13250]"
16053,11861,71.0,"[16053, 18182, 11861]"
16053,15286,34.0,"[16053, 14070, 15286]"
16053,15286,90.0,"[16053, 15286]"
16053,19542,1.0,"[16053, 19542]"
16053,15747,1.0,"[16053, 18476, 15747]"
16053,10044,300.0,"[16053, 10044]"
16053,13578,33.0,"[16053, 13856, 13578]"
16053,13578,180.0,"[16053, 13578]"
16053,17784,1.0,"[16053, 19542, 17784]"
16053,12952,42.0,"[16053, 15262, 12952]"
16053,19171,30.0,"[16053, 18476, 19171]"
16053,19171,270.0,"[16053, 19171]"
16053,13651,153.0,"[16053, 13651]"
16053,14376,300.0,"[16053, 14376]"
16053,18978,1.0,"[16053, 13856, 18978]"
16053,11472,300.0,"[16053, 11472]"
16053,10570,256.0,"[16053, 10570]"
16053,19338,55.0,"[16053, 11168, 19338]"
16053,18446,1.0,"[16053, 14070, 10904, 18446]"
16053,19956,300.0,"[16053, 19956]"
16053,16916,113.0,"[16053, 16916]"
16053,19539,1.0,"[16053, 18476, 19539]"
16053,10904,27.0,"[16053, 14070, 10904]"
16053,13431,30.0,"[16053, 12379, 13431]"
16053,13431,270.0,"[16053, 13431]"
16053,19311,1.0,"[16053, 14070, 19311]"
16053,15872,30.0,"[16053, 19542, 14076, 15872]"
16053,15872,270.0,"[16053, 15872]"
16053,19185,300.0,"[16053, 19185]"
16053,15401,30.0,"[16053, 13856, 15401]"
16053,15401,270.0,"[16053, 15401]"
16053,14076,24.000000000000103,"[16053, 19542, 14076]"
16053,14076,89.9999999999999,"[16053, 14076]"
16053,11267,300.0,"[16053, 11267]"
16053,13101,30.000000000062585,"[16053, 13856, 10989, 13101]"
16053,13101,269.9999999999374,"[16053, 13101]"
16053,18182,300.0,"[16053, 18182]"
16053,14005,1.0,"[16053, 19542, 14005]"
16053,16262,214.0,"[16053, 16262]"
16053,10708,1.0,"[16053, 18476, 10708]"
16053,13856,1.0,"[16053, 13856]"
16053,10751,120.0,"[16053, 18182, 10751]"
16053,10751,180.0,"[16053, 10751]"
16053,15204,210.0,"[16053, 11168, 15204]"
16053,15204,90.0,"[16053, 15204]"
16053,14070,273.0,"[16053, 14070]"
16053,16133,30.0,"[16053, 13856, 16133]"
16053,16133,270.0,"[16053, 16133]"
16053,10270,10.000000000000082,"[16053, 19542, 10270]"
16053,10270,269.99999999999994,"[16053, 10270]"
16053,15262,160.0,"[16053, 15262]"
16053,14724,41.0,"[16053, 13523, 14724]"
16053,19469,76.0,"[16053, 14070, 19469]"
16053,15916,1.0,"[16053, 18476, 15916]"
18978,12985,30.0,"[18978, 16133, 12985]"
18978,12985,270.0,"[18978, 12985]"
18978,11168,1.0,"[18978, 11168]"
18978,11027,300.0,"[18978, 11027]"
18978,15262,300.0,"[18978, 16053, 15262]"
18978,19338,300.0,"[18978, 19338]"
18978,11472,30.0,"[18978, 13856, 11472]"
18978,11472,270.0,"[18978, 11472]"
18978,17770,224.0,"[18978, 17770]"
18978,11267,67.0,"[18978, 11267]"
18978,16133,300.0,"[18978, 16133]"
18978,12952,30.0,"[18978, 19956, 15204, 12952]"
18978,12952,270.0,"[18978, 12952]"
18978,11861,160.0,"[18978, 11861]"
18978,10270,180.0,"[18978, 10270]"
18978,15204,120.0,"[18978, 19956, 15204]"
18978,15204,180.0,"[18978, 15204]"
18978,19956,34.0,"[18978, 19956]"
18978,10751,27.0,"[18978, 16133, 10751]"
18978,13578,1.0,"[18978, 13578]"
18978,14376,1.0,"[18978, 19956, 15204, 17253, 14376]"
18978,13101,300.0,"[18978, 13101]"
18978,10376,30.0,"[18978, 13101, 10376]"
18978,10376,270.0,"[18978, 10376]"
18978,15401,300.0,"[18978, 15401]"
18978,15872,300.0,"[18978, 15872]"
18978,18182,13.0,"[18978, 18182]"
18978,16366,1.0,"[18978, 12364, 16366]"
18978,13856,300.0,"[18978, 13856]"
18978,15028,114.0,"[18978, 19956, 15204, 15028]"
18978,15028,90.0,"[18978, 15028]"
18978,13250,259.0,"[18978, 13250]"
18978,11117,1.0,"[18978, 19956, 15204, 11117]"
17312,10570,300.0,"[17312, 10570]"
17312,10270,300.0,"[17312, 10270]"
17312,10708,300.0,"[17312, 10708]"
17312,11267,1.0,"[17312, 11267]"
17312,15872,270.0,"[17312, 15872]"
17312,12985,300.0,"[17312, 12985]"
19956,15973,300.0,"[19956, 15973]"
19956,16219,300.0,"[19956, 16219]"
19956,11267,300.0,"[19956, 11267]"
19956,15401,1.0,"[19956, 15401]"
19956,16053,162.0,"[19956, 16053]"
19956,15028,1.0,"[19956, 15204, 15028]"
19956,14376,161.0,"[19956, 14376]"
12573,14005,1.0,"[12573, 13474, 14005]"
12573,16053,216.0,"[12573, 16053]"
12573,12985,1.0,"[12573, 13474, 12985]"
12573,15401,1.0,"[12573, 13474, 15401]"
12573,10270,33.0,"[12573, 10270]"
12573,11267,300.0,"[12573, 11267]"
12573,16219,216.0,"[12573, 16219]"
19469,15872,1.0,"[19469, 15872]"
19469,13179,185.0,"[19469, 13179]"
19469,11267,1.0,"[19469, 11267]"
19469,14005,63.0,"[19469, 14005]"
19469,12985,300.0,"[19469, 12985]"
11861,16133,1.0,"[11861, 16133]"
11861,16219,1.0,"[11861, 16133, 15506, 16219]"
10327,10270,211.0,"[10327, 10270]"
10327,16219,300.0,"[10327, 16219]"
10327,11267,1.0,"[10327, 13474, 11267]"
10327,15401,300.0,"[10327, 15401]"
10327,16053,1.0,"[10327, 13474, 16133, 16053]"
10327,12985,1.0,"[10327, 13474, 12985]"
17547,19542,237.0,"[17547, 19542]"
17547,13856,58.0,"[17547, 13856]"
17547,17784,111.0,"[17547, 17784]"
17547,19180,1.0,"[17547, 10044, 19180]"
17547,12663,300.0,"[17547, 12663]"
17547,10327,300.0,"[17547, 10327]"
17547,17822,300.0,"[17547, 17822]"
17547,14724,1.0,"[17547, 14724]"
17547,18577,41.0,"[17547, 18577]"
17547,19171,300.0,"[17547, 19171]"
17547,19469,300.0,"[17547, 19469]"
17547,14076,300.0,"[17547, 14076]"
17547,11472,1.0,"[17547, 19469, 13474, 16133, 11472]"
17547,15973,1.0,"[17547, 19921, 15973]"
17547,16262,290.0,"[17547, 16262]"
17547,11214,159.0,"[17547, 11214]"
17547,12627,193.0,"[17547, 12627]"
17547,14005,300.0,"[17547, 14005]"
17547,18476,1.0,"[17547, 18476]"
17547,10178,1.0,"[17547, 16219, 10178]"
17547,10270,1.0,"[17547, 10270]"
17547,16991,300.0,"[17547, 16991]"
17547,14070,300.0,"[17547, 14070]"
17547,11861,300.0,"[17547, 11861]"
17547,13179,1.0,"[17547, 19921, 12985, 13179]"
17547,18978,16.0,"[17547, 18978]"
17547,19338,61.0,"[17547, 19338]"
17547,16366,300.0,"[17547, 16366]"
17547,13503,279.0,"[17547, 13503]"
17547,10044,1.0,"[17547, 10044]"
17547,13183,274.0,"[17547, 13183]"
17547,14252,1.0,"[17547, 14252]"
17547,18849,1.0,"[17547, 19469, 18849]"
17547,15206,120.0,"[17547, 15206]"
17547,18446,300.0,"[17547, 18446]"
17547,16133,300.0,"[17547, 16133]"
17547,13474,160.0,"[17547, 13474]"
17547,10376,300.0,"[17547, 10376]"
17547,13523,70.0,"[17547, 13523]"
17547,19921,1.0,"[17547, 19921]"
17547,18863,1.0,"[17547, 15506, 18863]"
17547,15506,1.0,"[17547, 15506]"
19180,10270,43.0,"[19180, 10270]"
19180,12985,210.0,"[19180, 12627, 12985]"
19180,12985,90.0,"[19180, 12985]"
19180,15973,300.0,"[19180, 15973]"
19180,16219,1.0,"[19180, 14076, 16219]"
19180,15872,1.0,"[19180, 14076, 15872]"
19180,17784,1.0,"[19180, 14076, 17784]"
19180,19921,1.0,"[19180, 12627, 19921]"
12985,18577,8.0,"[12985, 10904, 18577]"
12985,18577,180.0,"[12985, 18577]"
12985,19956,300.0,"[12985, 19956]"
12985,19539,300.0,"[12985, 19539]"
12985,13101,1.0,"[12985, 10904, 13474, 15401, 13101]"
12985,18978,300.0,"[12985, 18978]"
12985,15206,103.0,"[12985, 15206]"
12985,15747,1.0,"[12985, 13179, 15747]"
12985,15401,1.0,"[12985, 10904, 13474, 15401]"
12985,14444,1.0,"[12985, 14444]"
12985,13578,300.0,"[12985, 13578]"
12985,13856,135.0,"[12985, 13856]"
12985,10570,1.0,"[12985, 10904, 10570]"
12985,19469,114.0,"[12985, 19469]"
12985,10044,28.0,"[12985, 10044]"
12985,13570,218.0,"[12985, 13570]"
12985,13503,300.0,"[12985, 13503]"
12985,17770,1.0,"[12985, 10904, 13474, 10989, 17253, 17770]"
12985,15204,12.0,"[12985, 10904, 13474, 10989, 17253, 15204]"
12985,15204,90.0,"[12985, 15204]"
12985,16219,300.0,"[12985, 16219]"
12985,14070,1.0,"[12985, 13179, 14070]"
12985,17784,1.0,"[12985, 10044, 17784]"
12985,16133,210.0,"[12985, 16133]"
12985,19542,1.0,"[12985, 10044, 19542]"
12985,19185,51.0,"[12985, 19185]"
12985,19180,1.0,"[12985, 14444, 19180]"
12985,13183,1.0,"[12985, 10904, 13183]"
12985,10708,42.0,"[12985, 10708]"
12985,11168,300.0,"[12985, 11168]"
12985,17312,120.0,"[12985, 17312]"
12985,15028,1.0,"[12985, 10904, 13474, 10989, 17253, 15204, 15028]"
12985,10751,1.0,"[12985, 10904, 13474, 16133, 10751]"
12985,16991,18.0,"[12985, 15506, 16991]"
12985,16991,180.0,"[12985, 16991]"
12985,15262,300.0,"[12985, 15262]"
12985,19311,300.0,"[12985, 19311]"
12985,16262,300.0,"[12985, 16262]"
12985,13651,1.0,"[12985, 10904, 13651]"
12985,14376,300.0,"[12985, 14376]"
12985,18446,300.0,"[12985, 18446]"
12985,14252,1.0,"[12985, 10904, 14252]"
12985,16366,300.0,"[12985, 16366]"
12985,13523,30.0,"[12985, 10044, 19542, 13523]"
12985,13523,270.0,"[12985, 13523]"
12985,18476,300.0,"[12985, 18476]"
12985,15973,1.0,"[12985, 10303, 15973]"
12985,11568,300.0,"[12985, 11568]"
12985,10270,1.0,"[12985, 10270]"
12985,11117,289.0,"[12985, 11117]"
12985,18849,1.0,"[12985, 13179, 18849]"
12985,13474,1.0,"[12985, 10904, 13474]"
12985,11472,300.0,"[12985, 11472]"
12985,17822,8.0,"[12985, 15506, 17822]"
12985,17822,90.0,"[12985, 17822]"
12985,19171,1.0,"[12985, 10904, 13474, 19171]"
12985,13431,48.0,"[12985, 13431]"
12985,15506,261.0,"[12985, 15506]"
12985,12280,300.0,"[12985, 12280]"
12985,15916,1.0,"[12985, 10904, 15916]"
12985,15286,172.0,"[12985, 15286]"
12985,10376,1.0,"[12985, 10904, 13474, 10376]"
12985,12952,300.0,"[12985, 12952]"
12985,18182,1.0,"[12985, 10904, 13474, 16133, 18182]"
12985,12379,1.0,"[12985, 10904, 12379]"
12985,11214,188.0,"[12985, 11214]"
12985,13179,300.0,"[12985, 13179]"
12985,10327,1.0,"[12985, 10904, 13474, 10327]"
12985,12627,55.0,"[12985, 12627]"
12985,19338,300.0,"[12985, 19338]"
12985,13250,1.0,"[12985, 10904, 13474, 16133, 13250]"
12985,10904,1.0,"[12985, 10904]"
12985,16916,300.0,"[12985, 16916]"
12985,18144,1.0,"[12985, 10044, 16219, 18144]"
12985,17535,1.0,"[12985, 10904, 17535]"
12985,10178,1.0,"[12985, 10044, 16219, 10178]"
12985,10178,180.0,"[12985, 10178]"
12985,14724,1.0,"[12985, 12627, 14724]"
12985,14076,1.0,"[12985, 14076]"
12985,10659,173.0,"[12985, 10659]"
12985,12663,1.0,"[12985, 12663]"
12985,14005,300.0,"[12985, 14005]"
12985,12214,300.0,"[12985, 12214]"
12985,11861,300.0,"[12985, 11861]"
12985,18863,1.0,"[12985, 15506, 18863]"
12985,17495,1.0,"[12985, 10904, 17495]"
14005,15747,1.0,"[14005, 12985, 13179, 15747]"
14005,16366,21.0,"[14005, 16366]"
14005,12663,5.0,"[14005, 12985, 12663]"
14005,12663,180.0,"[14005, 12663]"
14005,12627,300.0,"[14005, 12627]"
14005,13523,300.0,"[14005, 13523]"
14005,15286,1.0,"[14005, 12985, 10904, 15286]"
14005,13856,300.0,"[14005, 13856]"
14005,15916,300.0,"[14005, 15916]"
14005,15401,300.0,"[14005, 15401]"
14005,19180,1.0,"[14005, 15506, 19180]"
14005,10178,64.0,"[14005, 10178]"
14005,10659,30.0,"[14005, 16219, 10178, 10659]"
14005,10659,270.0,"[14005, 10659]"
14005,10904,300.0,"[14005, 10904]"
14005,17784,30.0,"[14005, 14076, 17784]"
14005,17784,270.0,"[14005, 17784]"
14005,16916,300.0,"[14005, 16916]"
14005,15204,1.0,"[14005, 10303, 15973, 19469, 13474, 10989, 17253, 15204]"
14005,17822,300.0,"[14005, 17822]"
14005,13474,1.0,"[14005, 10303, 15973, 19469, 13474]"
14005,18182,300.0,"[14005, 18182]"
14005,10570,28.0,"[14005, 10570]"
14005,12952,300.0,"[14005, 12952]"
14005,18144,8.0,"[14005, 14076, 18144]"
14005,18144,270.0,"[14005, 18144]"
14005,14376,300.0,"[14005, 14376]"
14005,11861,1.0,"[14005, 10303, 15973, 19469, 13474, 11861]"
14005,17495,1.0,"[14005, 12985, 10904, 17495]"
14005,18577,1.0,"[14005, 10303, 15973, 19469, 18577]"
14005,19539,300.0,"[14005, 19539]"
14005,13431,1.0,"[14005, 12985, 10904, 13431]"
14005,10751,195.0,"[14005, 10751]"
14005,19311,300.0,"[14005, 19311]"
14005,19542,1.0,"[14005, 14076, 19542]"
14005,13101,300.0,"[14005, 13101]"
14005,15028,1.0,"[14005, 10303, 15973, 19469, 13474, 10989, 17253, 15204, 15028]"
14005,17312,1.0,"[14005, 12985, 10904, 17312]"
14005,12280,300.0,"[14005, 12280]"
14005,10270,300.0,"[14005, 10270]"
14005,11214,300.0,"[14005, 11214]"
14005,14724,192.0,"[14005, 14724]"
14005,13503,1.0,"[14005, 13503]"
14005,16133,1.0,"[14005, 10303, 15973, 19469, 13474, 16133]"
14005,14076,300.0,"[14005, 14076]"
14005,16262,300.0,"[14005, 16262]"
14005,10708,1.0,"[14005, 12985, 10904, 10708]"
14005,19469,300.0,"[14005, 19469]"
14005,15262,300.0,"[14005, 15262]"
14005,18863,1.0,"[14005, 15506, 18863]"
14005,19171,300.0,"[14005, 19171]"
14005,16219,300.0,"[14005, 16219]"
14005,18978,300.0,"[14005, 18978]"
14005,14070,300.0,"[14005, 14070]"
14005,11472,1.0,"[14005, 10303, 15973, 19469, 13474, 16133, 11472]"
14005,10376,13.0,"[14005, 10376]"
14005,13651,1.0,"[14005, 12985, 10904, 13651]"
14005,18476,300.0,"[14005, 18476]"
14005,19185,1.0,"[14005, 12985, 10904, 19185]"
14005,11117,1.0,"[14005, 10303, 15973, 19469, 13474, 10989, 17253, 11117]"
14005,13179,5.0,"[14005, 12985, 13179]"
14005,13179,180.0,"[14005, 13179]"
14005,19338,1.0,"[14005, 10303, 15973, 19469, 13474, 19338]"
14005,10044,129.0,"[14005, 10044]"
14005,14444,300.0,"[14005, 14444]"
14005,19956,136.0,"[14005, 19956]"
14005,11568,65.0,"[14005, 11568]"
14005,17770,1.0,"[14005, 10303, 15973, 19469, 13474, 10989, 17253, 17770]"
14005,15973,77.0,"[14005, 10303, 15973]"
14005,14252,5.0,"[14005, 14252]"
14005,12214,1.0,"[14005, 12985, 10904, 12214]"
14005,11168,1.0,"[14005, 10303, 15973, 19469, 13474, 16133, 11168]"
14005,18446,300.0,"[14005, 18446]"
14005,18849,59.0,"[14005, 18849]"
14005,13183,1.0,"[14005, 10303, 15973, 19469, 13183]"
14005,13578,1.0,"[14005, 10303, 15973, 19469, 13474, 13578]"
14005,15506,1.0,"[14005, 15506]"
14005,17535,236.0,"[14005, 17535]"
14005,10327,1.0,"[14005, 10303, 15973, 19469, 13474, 10327]"
14005,16991,121.0,"[14005, 16991]"
14005,13570,30.0,"[14005, 12985, 13570]"
14005,13570,270.0,"[14005, 13570]"
14005,15206,300.0,"[14005, 15206]"
14005,13250,56.0,"[14005, 13250]"
16142,16366,1.0,"[16142, 17039, 16366]"
15916,10708,1.0,"[15916, 10708]"
15916,10570,30.0,"[15916, 10708, 10570]"
15916,10570,270.0,"[15916, 10570]"
15916,15401,236.0,"[15916, 15401]"
15916,15872,12.0,"[15916, 16916, 13179, 15872]"
15916,15872,270.0,"[15916, 15872]"
15916,16916,1.0,"[15916, 16916]"
17770,15262,300.0,"[17770, 15262]"
17770,16053,90.0,"[17770, 16053]"
17770,12952,1.0,"[17770, 17253, 15204, 12952]"
17770,15401,1.0,"[17770, 17253, 13856, 15401]"
17770,16219,167.0,"[17770, 16219]"
17770,11267,1.0,"[17770, 17253, 13856, 16133, 13179, 11267]"
17770,15973,1.0,"[17770, 17253, 13856, 16133, 15973]"
12364,11267,300.0,"[12364, 11267]"
12364,16366,6.0,"[12364, 16366]"
12364,12985,1.0,"[12364, 13856, 16133, 12985]"
12364,18978,1.0,"[12364, 18978]"
12364,10270,1.0,"[12364, 13856, 16133, 17547, 10270]"
12364,15872,30.0,"[12364, 13856, 16133, 14724, 15872]"
12364,15872,270.0,"[12364, 15872]"
13179,12985,30.0,"[13179, 10044, 12985]"
13179,12985,270.0,"[13179, 12985]"
13179,15872,300.0,"[13179, 15872]"
13179,10904,1.0,"[13179, 10904]"
13179,11267,1.0,"[13179, 11267]"
13179,10270,1.0,"[13179, 10270]"
19539,10570,1.0,"[19539, 10570]"
19539,19311,1.0,"[19539, 11267, 10904, 19311]"
19539,11267,1.0,"[19539, 11267]"
17822,15872,1.0,"[17822, 12627, 15872]"
17822,15973,33.0,"[17822, 15973]"
17822,12985,166.0,"[17822, 12985]"
17822,19921,300.0,"[17822, 19921]"
17822,16219,300.0,"[17822, 16219]"
17822,14724,1.0,"[17822, 12627, 14724]"
17822,10270,220.0,"[17822, 10270]"
16262,17784,300.0,"[16262, 17784]"
16262,12985,1.0,"[16262, 18577, 12985]"
16262,16053,300.0,"[16262, 16053]"
16262,17495,1.0,"[16262, 14070, 17495]"
16262,18577,295.0,"[16262, 18577]"
16262,18144,269.0,"[16262, 18144]"
16262,15401,154.0,"[16262, 15401]"
16262,14724,300.0,"[16262, 14724]"
16262,15292,1.0,"[16262, 18577, 15292]"
16262,19542,1.0,"[16262, 19542]"
16262,16219,300.0,"[16262, 16219]"
16262,13431,188.0,"[16262, 13431]"
16262,19311,21.0,"[16262, 14070, 19311]"
16262,19311,180.0,"[16262, 19311]"
16262,11267,300.0,"[16262, 11267]"
16262,15506,1.0,"[16262, 18476, 15506]"
16262,10044,1.0,"[16262, 10044]"
16262,12663,300.0,"[16262, 12663]"
16262,14076,227.0,"[16262, 14076]"
16262,12627,300.0,"[16262, 12627]"
16262,15973,1.0,"[16262, 15973]"
16262,17535,229.0,"[16262, 17535]"
16262,18476,1.0,"[16262, 18476]"
16262,10270,300.0,"[16262, 10270]"
16262,16142,300.0,"[16262, 16142]"
16262,12379,1.0,"[16262, 18577, 12379]"
16262,14070,1.0,"[16262, 14070]"
16262,14005,300.0,"[16262, 14005]"
16262,14252,300.0,"[16262, 14252]"
16262,13503,1.0,"[16262, 18476, 13503]"
16262,17039,26.0,"[16262, 10989, 17039]"
16262,17039,90.0,"[16262, 17039]"
16133,12985,300.0,"[16133, 12985]"
16133,15401,1.0,"[16133, 15401]"
16133,10270,1.0,"[16133, 17547, 10270]"
16133,16219,1.0,"[16133, 15506, 16219]"
16133,11267,1.0,"[16133, 13179, 11267]"
16133,10570,1.0,"[16133, 13179, 10570]"
16133,10989,186.0,"[16133, 10989]"
16133,11861,120.0,"[16133, 15401, 11861]"
16133,11861,180.0,"[16133, 11861]"
16133,15872,13.0,"[16133, 14724, 15872]"
16133,15872,90.0,"[16133, 15872]"
16133,15973,47.0,"[16133, 15973]"
10178,10270,300.0,"[10178, 10270]"
10178,15872,1.0,"[10178, 15872]"
10178,19921,176.0,"[10178, 19921]"
10178,15973,300.0,"[10178, 15973]"
10178,16219,1.0,"[10178, 16219]"
10178,12985,300.0,"[10178, 12985]"
11568,15973,1.0,"[11568, 15973]"
11568,13570,300.0,"[11568, 13570]"
11568,10659,300.0,"[11568, 10659]"
13431,15973,300.0,"[13431, 15973]"
13431,10270,1.0,"[13431, 13179, 10270]"
13431,14005,1.0,"[13431, 13179, 14005]"
13431,10708,183.0,"[13431, 10708]"
13431,12985,300.0,"[13431, 12985]"
13431,11267,251.0,"[13431, 11267]"
13431,12379,300.0,"[13431, 12379]"
13431,15872,1.0,"[13431, 13179, 15872]"
13431,17535,216.0,"[13431, 17535]"
19185,11267,1.0,"[19185, 11267]"
19185,10270,300.0,"[19185, 10270]"
19185,15872,1.0,"[19185, 11267, 13179, 15872]"
19185,12985,1.0,"[19185, 11267, 10904, 19469, 12985]"
19185,10570,1.0,"[19185, 10570]"
16366,18978,1.0,"[16366, 12364, 18978]"
16366,12985,87.0,"[16366, 12985]"
16366,11267,30.0,"[16366, 13856, 16133, 13179, 11267]"
16366,11267,270.0,"[16366, 11267]"
16366,16142,145.0,"[16366, 12364, 16142]"
16366,10270,1.0,"[16366, 13856, 16133, 17547, 10270]"
16366,15872,30.0,"[16366, 13856, 16133, 14724, 15872]"
16366,15872,270.0,"[16366, 15872]"
13680,17770,210.0,"[13680, 15262, 17770]"
13680,17770,90.0,"[13680, 17770]"
13680,16219,52.0,"[13680, 16219]"
13680,12952,1.0,"[13680, 12952]"
13680,16053,30.0,"[13680, 15262, 15204, 17253, 16053]"
13680,16053,270.0,"[13680, 16053]"
13680,15401,47.0,"[13680, 15401]"
13680,15028,300.0,"[13680, 15028]"
13680,15872,300.0,"[13680, 15872]"
13680,11267,1.0,"[13680, 15262, 15204, 17253, 13856, 16133, 13179, 11267]"
11027,18978,230.0,"[11027, 18978]"
10904,15872,300.0,"[10904, 15872]"
10904,13179,1.0,"[10904, 13179]"
10904,10270,300.0,"[10904, 10270]"
10904,12985,174.0,"[10904, 12985]"
10904,15973,1.0,"[10904, 15973]"
10904,11267,159.0,"[10904, 11267]"
17535,11267,210.0,"[17535, 13431, 11267]"
17535,11267,90.0,"[17535, 11267]"
17535,15872,30.0,"[17535, 13431, 13179, 15872]"
17535,15872,270.0,"[17535, 15872]"
17535,10270,1.0,"[17535, 13431, 13179, 10270]"
17535,13431,1.0,"[17535, 13431]"
17535,12985,1.0,"[17535, 13431, 19469, 12985]"
17535,15973,52.0,"[17535, 15973]"
19171,16219,300.0,"[19171, 16219]"
19171,11267,69.0,"[19171, 11267]"
19171,10270,1.0,"[19171, 13474, 10270]"
19171,16053,1.0,"[19171, 10989, 16053]"
19171,12985,1.0,"[19171, 16133, 12985]"
19171,15401,1.0,"[19171, 15401]"
11214,10270,1.0,"[11214, 13578, 16133, 17547, 10270]"
11214,12985,1.0,"[11214, 13578, 16133, 12985]"
11214,11267,140.0,"[11214, 11267]"
11214,15401,1.0,"[11214, 15401]"
11214,16219,1.0,"[11214, 13578, 16133, 15506, 16219]"
16916,15916,165.0,"[16916, 15916]"
16916,10570,1.0,"[16916, 10708, 10570]"
16916,16219,252.0,"[16916, 16219]"
16916,10708,1.0,"[16916, 10708]"
18476,14070,236.0,"[18476, 14070]"
18476,12985,1.0,"[18476, 14005, 12985]"
18476,11267,1.0,"[18476, 11267]"
18476,15872,300.0,"[18476, 15872]"
18476,10270,9.0,"[18476, 12627, 10270]"
18476,10270,270.0,"[18476, 10270]"
11117,15401,1.0,"[11117, 17253, 13856, 15401]"
11117,11267,296.0,"[11117, 11267]"
11117,16219,1.0,"[11117, 17253, 13856, 16133, 15506, 16219]"
11117,16053,205.0,"[11117, 16053]"
11117,15204,300.0,"[11117, 15204]"
14252,11267,300.0,"[14252, 11267]"
14252,12985,86.0,"[14252, 12985]"
14252,12663,1.0,"[14252, 12663]"
14252,10270,300.0,"[14252, 10270]"
14252,15872,1.0,"[14252, 13474, 15872]"
11472,15973,1.0,"[11472, 16133, 15973]"
11472,19338,300.0,"[11472, 19338]"
12280,15973,1.0,"[12280, 19180, 12627, 10044, 15973]"
18446,11267,67.0,"[18446, 11267]"
18446,12985,29.99999999999997,"[18446, 15973, 12985]"
18446,12985,270.0,"[18446, 12985]"
18446,15973,1.0,"[18446, 15973]"
18446,10270,1.0,"[18446, 15973, 10044, 10270]"
18446,15872,56.0,"[18446, 15872]"
18446,15206,1.0,"[18446, 15206]"
12757,15872,1.0,"[12757, 16133, 14724, 15872]"
12757,11267,1.0,"[12757, 16133, 13179, 11267]"
12757,12985,300.0,"[12757, 12985]"
12757,11214,300.0,"[12757, 11214]"
12757,10376,210.0,"[12757, 13101, 10376]"
12757,10376,90.0,"[12757, 10376]"
12757,16053,1.0,"[12757, 10989, 16053]"
17495,19311,1.0,"[17495, 19311]"
15506,15872,300.0,"[15506, 15872]"
15506,14724,27.0,"[15506, 14724]"
15506,11267,1.0,"[15506, 19469, 11267]"
15506,12985,108.0,"[15506, 12985]"
15506,16219,148.0,"[15506, 16219]"
15506,15973,300.0,"[15506, 15973]"
10376,16219,126.0,"[10376, 16219]"
10376,15973,1.0,"[10376, 16133, 15973]"
15286,15973,1.0,"[15286, 15973]"
11168,18182,1.0,"[11168, 18182]"
11168,15401,1.0,"[11168, 18182, 15401]"
11168,16219,300.0,"[11168, 16219]"
11168,11267,300.0,"[11168, 11267]"
11168,15872,63.0,"[11168, 15872]"
11168,16053,225.0,"[11168, 16053]"
13856,12985,9.0,"[13856, 16133, 12985]"
13856,12985,270.0,"[13856, 12985]"
13856,15973,16.0,"[13856, 16133, 15973]"
13856,15973,180.0,"[13856, 15973]"
13856,11267,237.0,"[13856, 11267]"
13856,15401,1.0,"[13856, 15401]"
13856,16219,113.0,"[13856, 16219]"
13856,10270,1.0,"[13856, 16133, 17547, 10270]"
13856,15872,1.0,"[13856, 16133, 14724, 15872]"
15292,18978,1.0,"[15292, 16262, 10989, 18978]"
15292,12379,1.0,"[15292, 12379]"
13523,12985,1.0,"[13523, 12985]"
13523,10270,300.0,"[13523, 10270]"
13523,15401,300.0,"[13523, 15401]"
13523,16219,165.0,"[13523, 16219]"
13523,11267,1.0,"[13523, 11267]"
13523,16053,1.0,"[13523, 10989, 16053]"
14376,18182,1.0,"[14376, 18182]"
14376,19956,54.0,"[14376, 19956]"
14376,16219,300.0,"[14376, 16219]"
17253,15204,10.0,"[17253, 15204]"
17253,11117,1.0,"[17253, 11117]"
17253,15401,30.0,"[17253, 13856, 15401]"
17253,15401,270.0,"[17253, 15401]"
17253,16053,300.0,"[17253, 16053]"
17253,11267,300.0,"[17253, 11267]"
17253,18182,300.0,"[17253, 18182]"
15028,13680,1.0,"[15028, 13680]"
15028,12952,1.0,"[15028, 12952]"
15028,16219,146.0,"[15028, 16219]"
15028,17770,173.0,"[15028, 17770]"
15028,19956,30.0,"[15028, 17253, 19956]"
15028,19956,270.0,"[15028, 19956]"
15028,16053,1.0,"[15028, 17253, 16053]"
15262,16219,118.0,"[15262, 16219]"
15262,17770,300.0,"[15262, 17770]"
15206,16219,1.0,"[15206, 13179, 16219]"
15206,15872,300.0,"[15206, 15872]"
15206,10270,15.0,"[15206, 10270]"
15206,11267,1.0,"[15206, 13179, 11267]"
15206,12985,0.999999999999996,"[15206, 18446, 15973, 12985]"
15206,12985,3.9968028886505635e-15,"[15206, 12985]"
12379,13431,300.0,"[12379, 13431]"
15747,10570,300.0,"[15747, 10570]"
15747,11267,213.0,"[15747, 11267]"
15747,19311,1.0,"[15747, 11267, 10904, 19311]"
19542,15872,1.0,"[19542, 14076, 15872]"
19542,16219,30.0,"[19542, 14076, 16219]"
19542,16219,270.0,"[19542, 16219]"
13570,15973,182.0,"[13570, 15973]"
13570,10659,224.0,"[13570, 10659]"
13570,11568,1.0,"[13570, 11568]"
13474,16142,300.0,"[13474, 16142]"
13474,12573,1.0,"[13474, 12573]"
10659,11568,215.0,"[10659, 11568]"
10659,13570,1.0,"[10659, 13570]"
14070,18476,1.0,"[14070, 18476]"
13101,15973,45.0,"[13101, 15973]"
13101,11214,1.0,"[13101, 11214]"
12952,13680,300.0,"[12952, 13680]"
18182,16053,300.0,"[18182, 16053]"
18182,16219,23.0,"[18182, 13523, 16219]"
18182,16219,270.0,"[18182, 16219]"
18182,11168,15.0,"[18182, 11168]"
19338,11472,1.0,"[19338, 11472]"
19338,16219,1.0,"[19338, 16133, 15506, 16219]"
10989,16133,1.0,"[10989, 16133]"
18577,16262,1.0,"[18577, 16262]"
15204,16053,1.0,"[15204, 17253, 16053]"
13250,15973,267.0,"[13250, 15973]"
17039,16262,300.0,"[17039, 16262]"
